#
# There is insufficient memory for the Java Runtime Environment to continue.
# Native memory allocation (mmap) failed to map 523239424 bytes. Error detail: committing reserved memory.
# Possible reasons:
#   The system is out of physical RAM or swap space
#   This process is running with CompressedOops enabled, and the Java Heap may be blocking the growth of the native heap
# Possible solutions:
#   Reduce memory load on the system
#   Increase physical memory or swap space
#   Check if swap backing store is full
#   Decrease Java heap size (-Xmx/-Xms)
#   Decrease number of Java threads
#   Decrease Java thread stack sizes (-Xss)
#   Set larger code cache with -XX:ReservedCodeCacheSize=
#   JVM is running with Unscaled Compressed Oops mode in which the Java heap is
#     placed in the first 4GB address space. The Java Heap base address is the
#     maximum limit for the native heap growth. Please use -XX:HeapBaseMinAddress
#     to set the Java Heap base and to place the Java Heap above 4GB virtual address.
# This output file may be truncated or incomplete.
#
#  Out of Memory Error (os_linux.cpp:2834), pid=1403, tid=1413
#
# JRE version: OpenJDK Runtime Environment (17.0.20+8) (build 17.0.20+8-1-deb12u1-Debian)
# Java VM: OpenJDK 64-Bit Server VM (17.0.20+8-1-deb12u1-Debian, mixed mode, sharing, tiered, compressed oops, compressed class ptrs, g1 gc, linux-amd64)
# No core dump will be written. Core dumps have been disabled. To enable core dumping, try "ulimit -c unlimited" before starting Java again
#

---------------  S U M M A R Y ------------

Command Line: --add-opens=java.base/java.util=ALL-UNNAMED --add-opens=java.base/java.lang=ALL-UNNAMED --add-opens=java.base/java.lang.invoke=ALL-UNNAMED --add-opens=java.prefs/java.util.prefs=ALL-UNNAMED --add-opens=java.base/java.nio.charset=ALL-UNNAMED --add-opens=java.base/java.net=ALL-UNNAMED --add-opens=java.base/java.util.concurrent.atomic=ALL-UNNAMED -Xmx2048m -Dfile.encoding=UTF-8 -Duser.country -Duser.language=en -Duser.variant -javaagent:/root/.gradle/wrapper/dists/gradle-8.2-bin/bbg7u40eoinfdyxsxr3z4i7ta/gradle-8.2/lib/agents/gradle-instrumentation-agent-8.2.jar org.gradle.launcher.daemon.bootstrap.GradleDaemon 8.2

Host: Intel(R) Xeon(R) Processor @ 2.50GHz, 2 cores, 2G, Debian GNU/Linux 12 (bookworm)
Time: Mon Sep 14 19:20:41 2026 UTC elapsed time: 219.857549 seconds (0d 0h 3m 39s)

---------------  T H R E A D  ---------------

Current thread (0x00007fd8dc0d31f0):  VMThread "VM Thread" [stack: 0x00007fd8c01ba000,0x00007fd8c02ba000] [id=1413]

Stack: [0x00007fd8c01ba000,0x00007fd8c02ba000],  sp=0x00007fd8c02b7d70,  free space=1015k
Native frames: (J=compiled Java code, j=interpreted, Vv=VM code, C=native code)
V  [libjvm.so+0xf21211]  VMError::report_and_die(int, char const*, char const*, __va_list_tag*, Thread*, unsigned char*, void*, void*, char const*, int, unsigned long)+0x171
V  [libjvm.so+0xf21d7d]  VMError::report_and_die(Thread*, char const*, int, unsigned long, VMErrorType, char const*, __va_list_tag*)+0x2d
V  [libjvm.so+0x60378c]  report_vm_out_of_memory(char const*, int, unsigned long, VMErrorType, char const*, ...)+0xdc
V  [libjvm.so+0xc2a14b]  os::pd_commit_memory_or_exit(char*, unsigned long, unsigned long, bool, char const*)+0xeb
V  [libjvm.so+0xc23ffb]  os::commit_memory_or_exit(char*, unsigned long, unsigned long, bool, char const*)+0x1b
V  [libjvm.so+0x733436]  G1PageBasedVirtualSpace::commit(unsigned long, unsigned long)+0x66
V  [libjvm.so+0x7473e0]  G1RegionsLargerThanCommitSizeMapper::commit_regions(unsigned int, unsigned long, WorkGang*)+0x110
V  [libjvm.so+0x7dadc8]  HeapRegionManager::commit_regions(unsigned int, unsigned long, WorkGang*)+0x88
V  [libjvm.so+0x7dcc0b]  HeapRegionManager::expand(unsigned int, unsigned int, WorkGang*)+0x2b
V  [libjvm.so+0x7dce27]  HeapRegionManager::expand_by(unsigned int, WorkGang*)+0x77
V  [libjvm.so+0x6ebed8]  G1CollectedHeap::expand(unsigned long, WorkGang*, double*)+0xe8
V  [libjvm.so+0x6efb29]  G1CollectedHeap::do_collection_pause_at_safepoint_helper(double)+0x8a9
V  [libjvm.so+0x6efb8f]  G1CollectedHeap::do_collection_pause_at_safepoint(double)+0x2f
V  [libjvm.so+0x76b9d7]  VM_G1CollectForAllocation::doit()+0x47
V  [libjvm.so+0xf26715]  VM_Operation::evaluate()+0xe5
V  [libjvm.so+0xf28005]  VMThread::evaluate_operation(VM_Operation*)+0x105
V  [libjvm.so+0xf2857f]  VMThread::inner_execute(VM_Operation*)+0x28f
V  [libjvm.so+0xf2878f]  VMThread::run()+0xbf
V  [libjvm.so+0xea40a5]  Thread::call_run()+0xa5
V  [libjvm.so+0xc2c8f3]  thread_native_entry(Thread*)+0xe3

VM_Operation (0x00007fd8617dd170): G1CollectForAllocation, mode: safepoint, requested by thread 0x00007fd8ac00f870


---------------  P R O C E S S  ---------------

Threads class SMR info:
_java_thread_list=0x00007fd83c22c790, length=72, elements={
0x00007fd8dc01a770, 0x00007fd8dc0d72f0, 0x00007fd8dc0d86d0, 0x00007fd8dc0df3b0,
0x00007fd8dc0e0760, 0x00007fd8dc0e1b70, 0x00007fd8dc0e3520, 0x00007fd8dc0e4a50,
0x00007fd8dc0e5ec0, 0x00007fd8dc101fd0, 0x00007fd8dc1deca0, 0x00007fd8dd0acac0,
0x00007fd8dd128f90, 0x00007fd8dd152f30, 0x00007fd850016e10, 0x00007fd8580096d0,
0x00007fd8a418e650, 0x00007fd8a4198c10, 0x00007fd8a424a8d0, 0x00007fd8a46878b0,
0x00007fd8a47448e0, 0x00007fd8a4c2ded0, 0x00007fd8a4c73530, 0x00007fd8a5913fb0,
0x00007fd858005400, 0x00007fd8580159e0, 0x00007fd8a4009180, 0x00007fd8a400c770,
0x00007fd8a5083f30, 0x00007fd8a4485d20, 0x00007fd8a4ea0550, 0x00007fd8a437cc30,
0x00007fd8a52e8bb0, 0x00007fd8a400ee30, 0x00007fd8a4378e60, 0x00007fd8a63d5da0,
0x00007fd8a59bead0, 0x00007fd8a6b9b760, 0x00007fd8ac00f870, 0x00007fd8ac013870,
0x00007fd8ac026430, 0x00007fd8ac02b750, 0x00007fd8ac02bfd0, 0x00007fd8ac02d290,
0x00007fd8ac034110, 0x00007fd8ac031ea0, 0x00007fd8ac02f550, 0x00007fd8ac030710,
0x00007fd8ac031080, 0x00007fd8ac038640, 0x00007fd8ac039390, 0x00007fd8ac037f10,
0x00007fd8ac036fb0, 0x00007fd8ac035060, 0x00007fd8ac03a790, 0x00007fd8ac06af80,
0x00007fd8ac08ea80, 0x00007fd8b8014620, 0x00007fd8ac0525a0, 0x00007fd8b80420c0,
0x00007fd8ac0df9a0, 0x00007fd8ac0c83a0, 0x00007fd8ac1f6600, 0x00007fd8ac1f82e0,
0x00007fd8ac1f9820, 0x00007fd8bc156c00, 0x00007fd8bc175fb0, 0x00007fd8bc17d1f0,
0x00007fd8bc17efd0, 0x00007fd8bc1b6be0, 0x00007fd8bc1b7ce0, 0x00007fd8b8083950
}

Java Threads: ( => current thread )
  0x00007fd8dc01a770 JavaThread "main" [_thread_blocked, id=1406, stack(0x00007fd8e0764000,0x00007fd8e0864000)]
  0x00007fd8dc0d72f0 JavaThread "Reference Handler" daemon [_thread_blocked, id=1414, stack(0x00007fd8c00b9000,0x00007fd8c01b9000)]
  0x00007fd8dc0d86d0 JavaThread "Finalizer" daemon [_thread_blocked, id=1415, stack(0x00007fd8b1f00000,0x00007fd8b2000000)]
  0x00007fd8dc0df3b0 JavaThread "Signal Dispatcher" daemon [_thread_blocked, id=1416, stack(0x00007fd8b1dff000,0x00007fd8b1eff000)]
  0x00007fd8dc0e0760 JavaThread "Service Thread" daemon [_thread_blocked, id=1417, stack(0x00007fd8b1cfe000,0x00007fd8b1dfe000)]
  0x00007fd8dc0e1b70 JavaThread "Monitor Deflation Thread" daemon [_thread_blocked, id=1418, stack(0x00007fd8b1bfd000,0x00007fd8b1cfd000)]
  0x00007fd8dc0e3520 JavaThread "C2 CompilerThread0" daemon [_thread_in_native, id=1419, stack(0x00007fd8b1afc000,0x00007fd8b1bfc000)]
  0x00007fd8dc0e4a50 JavaThread "C1 CompilerThread0" daemon [_thread_blocked, id=1420, stack(0x00007fd8b19fb000,0x00007fd8b1afb000)]
  0x00007fd8dc0e5ec0 JavaThread "Sweeper thread" daemon [_thread_blocked, id=1421, stack(0x00007fd8b18fa000,0x00007fd8b19fa000)]
  0x00007fd8dc101fd0 JavaThread "Common-Cleaner" daemon [_thread_blocked, id=1422, stack(0x00007fd8b17f9000,0x00007fd8b18f9000)]
  0x00007fd8dc1deca0 JavaThread "Notification Thread" daemon [_thread_blocked, id=1423, stack(0x00007fd8b16f8000,0x00007fd8b17f8000)]
  0x00007fd8dd0acac0 JavaThread "Daemon health stats" [_thread_blocked, id=1429, stack(0x00007fd8b1100000,0x00007fd8b1200000)]
  0x00007fd8dd128f90 JavaThread "Incoming local TCP Connector on port 46679" [_thread_in_native, id=1430, stack(0x00007fd8b0d00000,0x00007fd8b0e00000)]
  0x00007fd8dd152f30 JavaThread "Daemon periodic checks" [_thread_blocked, id=1432, stack(0x00007fd8b0bff000,0x00007fd8b0cff000)]
  0x00007fd850016e10 JavaThread "Daemon" [_thread_blocked, id=1433, stack(0x00007fd8b0afe000,0x00007fd8b0bfe000)]
  0x00007fd8580096d0 JavaThread "Daemon worker" [_thread_blocked, id=1436, stack(0x00007fd8b07fb000,0x00007fd8b08fb000)]
  0x00007fd8a418e650 JavaThread "Cache worker for journal cache (/root/.gradle/caches/journal-1)" [_thread_blocked, id=1443, stack(0x00007fd8b03f7000,0x00007fd8b04f7000)]
  0x00007fd8a4198c10 JavaThread "File lock request listener" [_thread_in_native, id=1444, stack(0x00007fd8b02f6000,0x00007fd8b03f6000)]
  0x00007fd8a424a8d0 JavaThread "Cache worker for file hash cache (/root/.gradle/caches/8.2/fileHashes)" [_thread_blocked, id=1445, stack(0x00007fd8b01f5000,0x00007fd8b02f5000)]
  0x00007fd8a46878b0 JavaThread "Cache worker for file content cache (/root/.gradle/caches/8.2/fileContent)" [_thread_blocked, id=1451, stack(0x00007fd862dff000,0x00007fd862eff000)]
  0x00007fd8a47448e0 JavaThread "Cache worker for execution history cache (/root/.gradle/caches/8.2/executionHistory)" [_thread_blocked, id=1454, stack(0x00007fd862afc000,0x00007fd862bfc000)]
  0x00007fd8a4c2ded0 JavaThread "jar transforms" [_thread_blocked, id=1461, stack(0x00007fd8628fa000,0x00007fd8629fa000)]
  0x00007fd8a4c73530 JavaThread "jar transforms Thread 2" [_thread_blocked, id=1464, stack(0x00007fd8627f9000,0x00007fd8628f9000)]
  0x00007fd8a5913fb0 JavaThread "Memory manager" [_thread_blocked, id=1633, stack(0x00007fd8610e2000,0x00007fd8611e2000)]
  0x00007fd858005400 JavaThread "Handler for socket connection from /127.0.0.1:46679 to /127.0.0.1:34908" [_thread_in_native, id=1707, stack(0x00007fd8b09fd000,0x00007fd8b0afd000)]
  0x00007fd8580159e0 JavaThread "Cancel handler" [_thread_blocked, id=1708, stack(0x00007fd8b08fc000,0x00007fd8b09fc000)]
  0x00007fd8a4009180 JavaThread "Asynchronous log dispatcher for DefaultDaemonConnection: socket connection from /127.0.0.1:46679 to /127.0.0.1:34908" [_thread_blocked, id=1709, stack(0x00007fd8b06fa000,0x00007fd8b07fa000)]
  0x00007fd8a400c770 JavaThread "Stdin handler" [_thread_blocked, id=1711, stack(0x00007fd8b05f9000,0x00007fd8b06f9000)]
  0x00007fd8a5083f30 JavaThread "Daemon client event forwarder" [_thread_blocked, id=1713, stack(0x00007fd8b04f8000,0x00007fd8b05f8000)]
  0x00007fd8a4485d20 JavaThread "Cache worker for checksums cache (/workspace/android/.gradle/8.2/checksums)" [_thread_blocked, id=1714, stack(0x00007fd861ef0000,0x00007fd861ff0000)]
  0x00007fd8a4ea0550 JavaThread "Cache worker for cache directory md-rule (/root/.gradle/caches/8.2/md-rule)" [_thread_blocked, id=1715, stack(0x00007fd8617e9000,0x00007fd8618e9000)]
  0x00007fd8a437cc30 JavaThread "Cache worker for file hash cache (/workspace/android/.gradle/8.2/fileHashes)" [_thread_blocked, id=1716, stack(0x00007fd8612e4000,0x00007fd8613e4000)]
  0x00007fd8a52e8bb0 JavaThread "Cache worker for cache directory md-supplier (/root/.gradle/caches/8.2/md-supplier)" [_thread_blocked, id=1717, stack(0x00007fd861cee000,0x00007fd861dee000)]
  0x00007fd8a400ee30 JavaThread "Cache worker for dependencies-accessors (/workspace/android/.gradle/8.2/dependencies-accessors)" [_thread_blocked, id=1718, stack(0x00007fd8611e3000,0x00007fd8612e3000)]
  0x00007fd8a4378e60 JavaThread "Cache worker for Build Output Cleanup Cache (/workspace/android/.gradle/buildOutputCleanup)" [_thread_blocked, id=1719, stack(0x00007fd8621f3000,0x00007fd8622f3000)]
  0x00007fd8a63d5da0 JavaThread "Unconstrained build operations" [_thread_blocked, id=1721, stack(0x00007fd8618ea000,0x00007fd8619ea000)]
  0x00007fd8a59bead0 JavaThread "build event listener" [_thread_blocked, id=1722, stack(0x00007fd8624f6000,0x00007fd8625f6000)]
  0x00007fd8a6b9b760 JavaThread "included builds" [_thread_blocked, id=1750, stack(0x00007fd861bed000,0x00007fd861ced000)]
  0x00007fd8ac00f870 JavaThread "Execution worker" [_thread_blocked, id=1751, stack(0x00007fd8616e8000,0x00007fd8617e8000)]
  0x00007fd8ac013870 JavaThread "Cache worker for execution history cache (/workspace/android/.gradle/8.2/executionHistory)" [_thread_blocked, id=1752, stack(0x00007fd8614e6000,0x00007fd8615e6000)]
  0x00007fd8ac026430 JavaThread "Unconstrained build operations Thread 2" [_thread_blocked, id=1753, stack(0x00007fd861aec000,0x00007fd861bec000)]
  0x00007fd8ac02b750 JavaThread "Unconstrained build operations Thread 3" [_thread_blocked, id=1757, stack(0x00007fd8615e7000,0x00007fd8616e7000)]
  0x00007fd8ac02bfd0 JavaThread "Unconstrained build operations Thread 4" [_thread_blocked, id=1758, stack(0x00007fd861ff1000,0x00007fd8620f1000)]
  0x00007fd8ac02d290 JavaThread "Unconstrained build operations Thread 5" [_thread_blocked, id=1760, stack(0x00007fd8613e5000,0x00007fd8614e5000)]
  0x00007fd8ac034110 JavaThread "Unconstrained build operations Thread 6" [_thread_blocked, id=1762, stack(0x00007fd8622f4000,0x00007fd8623f4000)]
  0x00007fd8ac031ea0 JavaThread "Unconstrained build operations Thread 7" [_thread_blocked, id=1763, stack(0x00007fd8623f5000,0x00007fd8624f5000)]
  0x00007fd8ac02f550 JavaThread "Unconstrained build operations Thread 8" [_thread_blocked, id=1765, stack(0x00007fd8620f2000,0x00007fd8621f2000)]
  0x00007fd8ac030710 JavaThread "Unconstrained build operations Thread 9" [_thread_blocked, id=1766, stack(0x00007fd861def000,0x00007fd861eef000)]
  0x00007fd8ac031080 JavaThread "Unconstrained build operations Thread 10" [_thread_blocked, id=1768, stack(0x00007fd8619eb000,0x00007fd861aeb000)]
  0x00007fd8ac038640 JavaThread "Unconstrained build operations Thread 11" [_thread_blocked, id=1769, stack(0x00007fd8626f8000,0x00007fd8627f8000)]
  0x00007fd8ac039390 JavaThread "Unconstrained build operations Thread 12" [_thread_blocked, id=1771, stack(0x00007fd862cfe000,0x00007fd862dfe000)]
  0x00007fd8ac037f10 JavaThread "Unconstrained build operations Thread 13" [_thread_blocked, id=1773, stack(0x00007fd8b00f4000,0x00007fd8b01f4000)]
  0x00007fd8ac036fb0 JavaThread "Unconstrained build operations Thread 14" [_thread_blocked, id=1774, stack(0x00007fd860ddf000,0x00007fd860edf000)]
  0x00007fd8ac035060 JavaThread "Unconstrained build operations Thread 15" [_thread_blocked, id=1777, stack(0x00007fd862f00000,0x00007fd863000000)]
  0x00007fd8ac03a790 JavaThread "Unconstrained build operations Thread 16" [_thread_blocked, id=1778, stack(0x00007fd8625f7000,0x00007fd8626f7000)]
  0x00007fd8ac06af80 JavaThread "Unconstrained build operations Thread 17" [_thread_blocked, id=1779, stack(0x00007fd860cde000,0x00007fd860dde000)]
  0x00007fd8ac08ea80 JavaThread "WorkerExecutor Queue" [_thread_in_native, id=1792, stack(0x00007fd862bfd000,0x00007fd862cfd000)]
  0x00007fd8b8014620 JavaThread "Unconstrained build operations Thread 18" [_thread_blocked, id=1793, stack(0x00007fd860fe1000,0x00007fd8610e1000)]
  0x00007fd8ac0525a0 JavaThread "WorkerExecutor Queue Thread 2" [_thread_blocked, id=1799, stack(0x00007fd860bdd000,0x00007fd860cdd000)]
  0x00007fd8b80420c0 JavaThread "Unconstrained build operations Thread 19" [_thread_blocked, id=1800, stack(0x00007fd860adc000,0x00007fd860bdc000)]
  0x00007fd8ac0df9a0 JavaThread "Unconstrained build operations Thread 20" [_thread_blocked, id=1806, stack(0x00007fd8609db000,0x00007fd860adb000)]
  0x00007fd8ac0c83a0 JavaThread "pool-5-thread-1" [_thread_blocked, id=1811, stack(0x00007fd8608da000,0x00007fd8609da000)]
  0x00007fd8ac1f6600 JavaThread "process reaper (pid 1812)" daemon [_thread_in_native, id=1813, stack(0x00007fd8c0027000,0x00007fd8c0049000)]
  0x00007fd8ac1f82e0 JavaThread "stderr" [_thread_in_native, id=1814, stack(0x00007fd8607d9000,0x00007fd8608d9000)]
  0x00007fd8ac1f9820 JavaThread "stdout" [_thread_in_native, id=1815, stack(0x00007fd8606d8000,0x00007fd8607d8000)]
  0x00007fd8bc156c00 JavaThread "process reaper (pid 1853)" daemon [_thread_in_native, id=1854, stack(0x00007fd8c0004000,0x00007fd8c0026000)]
  0x00007fd8bc175fb0 JavaThread "RMI Scheduler(0)" daemon [_thread_blocked, id=1886, stack(0x00007fd860300000,0x00007fd860400000)]
  0x00007fd8bc17d1f0 JavaThread "RMI RenewClean-[127.0.0.1:17961,org.jetbrains.kotlin.daemon.common.LoopbackNetworkInterface$ClientLoopbackSocketFactory@51bd1b4b]" daemon [_thread_blocked, id=1887, stack(0x00007fd8601ff000,0x00007fd8602ff000)]
  0x00007fd8bc17efd0 JavaThread "RMI GC Daemon" daemon [_thread_blocked, id=1888, stack(0x00007fd8600fe000,0x00007fd8601fe000)]
  0x00007fd8bc1b6be0 JavaThread "RMI TCP Accept-0" daemon [_thread_in_native, id=1891, stack(0x00007fd837f00000,0x00007fd838000000)]
  0x00007fd8bc1b7ce0 JavaThread "RMI Reaper" [_thread_blocked, id=1892, stack(0x00007fd837dff000,0x00007fd837eff000)]
  0x00007fd8b8083950 JavaThread "RMI TCP Connection(idle)" daemon [_thread_blocked, id=1894, stack(0x00007fd837cfe000,0x00007fd837dfe000)]

Other Threads:
=>0x00007fd8dc0d31f0 VMThread "VM Thread" [stack: 0x00007fd8c01ba000,0x00007fd8c02ba000] [id=1413]
  0x00007fd8dc01cae0 WatcherThread [stack: 0x00007fd8b15f7000,0x00007fd8b16f7000] [id=1424]
  0x00007fd8dc0755f0 GCTaskThread "GC Thread#0" [stack: 0x00007fd8e01f9000,0x00007fd8e02f9000] [id=1408]
  0x00007fd85c004990 GCTaskThread "GC Thread#1" [stack: 0x00007fd8b14f6000,0x00007fd8b15f6000] [id=1425]
  0x00007fd8dc086bd0 ConcurrentGCThread "G1 Main Marker" [stack: 0x00007fd8e00f8000,0x00007fd8e01f8000] [id=1409]
  0x00007fd8dc087b40 ConcurrentGCThread "G1 Conc#0" [stack: 0x00007fd8c0811000,0x00007fd8c0911000] [id=1410]
  0x00007fd8dc0a6770 ConcurrentGCThread "G1 Refine#0" [stack: 0x00007fd8c050e000,0x00007fd8c060e000] [id=1411]
  0x00007fd8ac0097e0 ConcurrentGCThread "G1 Refine#1" [stack: 0x00007fd8629fb000,0x00007fd862afb000] [id=1458]
  0x00007fd8dc0a7670 ConcurrentGCThread "G1 Service" [stack: 0x00007fd8c040d000,0x00007fd8c050d000] [id=1412]

Threads with active compile tasks:
C2 CompilerThread0  219879 35711 %     4       com.android.tools.r8.ir.regalloc.b::a @ 1581 (1856 bytes)

VM state: at safepoint (normal execution)

VM Mutex/Monitor currently owned by a thread:  ([mutex/lock_event])
[0x00007fd8dc017560] Threads_lock - owner thread: 0x00007fd8dc0d31f0
[0x00007fd8dc017d10] Heap_lock - owner thread: 0x00007fd8ac00f870

Heap address: 0x0000000080000000, size: 2048 MB, Compressed Oops mode: 32-bit

CDS archive(s) mapped at: [0x00007fd863000000-0x00007fd863bca000-0x00007fd863bca000), size 12361728, SharedBaseAddress: 0x00007fd863000000, ArchiveRelocationMode: 1.
Compressed class space mapped at: 0x00007fd864000000-0x00007fd8a4000000, reserved size: 1073741824
Narrow klass base: 0x00007fd863000000, Narrow klass shift: 0, Narrow klass range: 0x100000000

GC Precious Log:
 CPUs: 2 total, 2 available
 Memory: 2048M
 Large Page Support: Disabled
 NUMA Support: Disabled
 Compressed Oops: Enabled (32-bit)
 Heap Region Size: 1M
 Heap Min Capacity: 8M
 Heap Initial Capacity: 32M
 Heap Max Capacity: 2G
 Pre-touch: Disabled
 Parallel Workers: 2
 Concurrent Workers: 1
 Concurrent Refinement Workers: 2
 Periodic GC: Disabled

Heap:
 garbage-first heap   total 541696K, used 226282K [0x0000000080000000, 0x0000000100000000)
  region size 1024K, 7 young (7168K), 7 survivors (7168K)
 Metaspace       used 154018K, committed 155008K, reserved 1245184K
  class space    used 20023K, committed 20544K, reserved 1048576K

Heap Regions: E=young(eden), S=young(survivor), O=old, HS=humongous(starts), HC=humongous(continues), CS=collection set, F=free, OA=open archive, CA=closed archive, TAMS=top-at-mark-start (previous, next)
|   0|0x0000000080000000, 0x0000000080100000, 0x0000000080100000|100%| O|  |TAMS 0x0000000080100000, 0x0000000080000000| Untracked 
|   1|0x0000000080100000, 0x0000000080200000, 0x0000000080200000|100%|HS|  |TAMS 0x0000000080200000, 0x0000000080100000| Complete 
|   2|0x0000000080200000, 0x0000000080300000, 0x0000000080300000|100%|HC|  |TAMS 0x0000000080300000, 0x0000000080200000| Complete 
|   3|0x0000000080300000, 0x0000000080400000, 0x0000000080400000|100%|HC|  |TAMS 0x0000000080400000, 0x0000000080300000| Complete 
|   4|0x0000000080400000, 0x0000000080500000, 0x0000000080500000|100%|HC|  |TAMS 0x0000000080500000, 0x0000000080400000| Complete 
|   5|0x0000000080500000, 0x0000000080600000, 0x0000000080600000|100%| O|  |TAMS 0x0000000080600000, 0x0000000080500000| Untracked 
|   6|0x0000000080600000, 0x0000000080700000, 0x0000000080700000|100%| O|  |TAMS 0x0000000080700000, 0x0000000080600000| Untracked 
|   7|0x0000000080700000, 0x0000000080800000, 0x0000000080800000|100%| O|  |TAMS 0x0000000080800000, 0x0000000080700000| Untracked 
|   8|0x0000000080800000, 0x0000000080900000, 0x0000000080900000|100%| O|  |TAMS 0x0000000080900000, 0x0000000080800000| Untracked 
|   9|0x0000000080900000, 0x0000000080a00000, 0x0000000080a00000|100%| O|  |TAMS 0x0000000080a00000, 0x0000000080900000| Untracked 
|  10|0x0000000080a00000, 0x0000000080b00000, 0x0000000080b00000|100%| O|  |TAMS 0x0000000080b00000, 0x0000000080a00000| Untracked 
|  11|0x0000000080b00000, 0x0000000080c00000, 0x0000000080c00000|100%| O|  |TAMS 0x0000000080c00000, 0x0000000080b00000| Untracked 
|  12|0x0000000080c00000, 0x0000000080d00000, 0x0000000080d00000|100%| O|  |TAMS 0x0000000080d00000, 0x0000000080c00000| Untracked 
|  13|0x0000000080d00000, 0x0000000080e00000, 0x0000000080e00000|100%| O|  |TAMS 0x0000000080e00000, 0x0000000080d00000| Untracked 
|  14|0x0000000080e00000, 0x0000000080f00000, 0x0000000080f00000|100%| O|  |TAMS 0x0000000080f00000, 0x0000000080e00000| Untracked 
|  15|0x0000000080f00000, 0x0000000081000000, 0x0000000081000000|100%| O|  |TAMS 0x0000000081000000, 0x0000000080f00000| Untracked 
|  16|0x0000000081000000, 0x0000000081100000, 0x0000000081100000|100%| O|  |TAMS 0x0000000081100000, 0x0000000081000000| Untracked 
|  17|0x0000000081100000, 0x0000000081200000, 0x0000000081200000|100%| O|  |TAMS 0x0000000081200000, 0x0000000081100000| Untracked 
|  18|0x0000000081200000, 0x0000000081300000, 0x0000000081300000|100%| O|  |TAMS 0x0000000081300000, 0x0000000081200000| Untracked 
|  19|0x0000000081300000, 0x0000000081400000, 0x0000000081400000|100%| O|  |TAMS 0x0000000081400000, 0x0000000081300000| Untracked 
|  20|0x0000000081400000, 0x0000000081500000, 0x0000000081500000|100%| O|  |TAMS 0x0000000081500000, 0x0000000081400000| Untracked 
|  21|0x0000000081500000, 0x0000000081600000, 0x0000000081600000|100%| O|  |TAMS 0x0000000081600000, 0x0000000081500000| Untracked 
|  22|0x0000000081600000, 0x0000000081700000, 0x0000000081700000|100%| O|  |TAMS 0x0000000081700000, 0x0000000081600000| Untracked 
|  23|0x0000000081700000, 0x0000000081800000, 0x0000000081800000|100%| O|  |TAMS 0x0000000081800000, 0x0000000081700000| Untracked 
|  24|0x0000000081800000, 0x0000000081900000, 0x0000000081900000|100%| O|  |TAMS 0x0000000081900000, 0x0000000081800000| Untracked 
|  25|0x0000000081900000, 0x0000000081a00000, 0x0000000081a00000|100%| O|  |TAMS 0x0000000081a00000, 0x0000000081900000| Untracked 
|  26|0x0000000081a00000, 0x0000000081b00000, 0x0000000081b00000|100%| O|  |TAMS 0x0000000081b00000, 0x0000000081a00000| Untracked 
|  27|0x0000000081b00000, 0x0000000081c00000, 0x0000000081c00000|100%| O|  |TAMS 0x0000000081c00000, 0x0000000081b00000| Untracked 
|  28|0x0000000081c00000, 0x0000000081d00000, 0x0000000081d00000|100%| O|  |TAMS 0x0000000081d00000, 0x0000000081c00000| Untracked 
|  29|0x0000000081d00000, 0x0000000081e00000, 0x0000000081e00000|100%| O|  |TAMS 0x0000000081e00000, 0x0000000081d00000| Untracked 
|  30|0x0000000081e00000, 0x0000000081f00000, 0x0000000081f00000|100%| O|  |TAMS 0x0000000081f00000, 0x0000000081e00000| Untracked 
|  31|0x0000000081f00000, 0x0000000082000000, 0x0000000082000000|100%| O|  |TAMS 0x0000000082000000, 0x0000000081f00000| Untracked 
|  32|0x0000000082000000, 0x0000000082100000, 0x0000000082100000|100%| O|  |TAMS 0x0000000082100000, 0x0000000082000000| Untracked 
|  33|0x0000000082100000, 0x0000000082200000, 0x0000000082200000|100%| O|  |TAMS 0x0000000082200000, 0x0000000082100000| Untracked 
|  34|0x0000000082200000, 0x0000000082300000, 0x0000000082300000|100%| O|  |TAMS 0x0000000082300000, 0x0000000082200000| Untracked 
|  35|0x0000000082300000, 0x0000000082400000, 0x0000000082400000|100%| O|  |TAMS 0x0000000082400000, 0x0000000082300000| Untracked 
|  36|0x0000000082400000, 0x0000000082500000, 0x0000000082500000|100%| O|  |TAMS 0x0000000082500000, 0x0000000082400000| Untracked 
|  37|0x0000000082500000, 0x0000000082600000, 0x0000000082600000|100%| O|  |TAMS 0x0000000082600000, 0x0000000082500000| Untracked 
|  38|0x0000000082600000, 0x0000000082700000, 0x0000000082700000|100%| O|  |TAMS 0x0000000082700000, 0x0000000082600000| Untracked 
|  39|0x0000000082700000, 0x0000000082800000, 0x0000000082800000|100%| O|  |TAMS 0x0000000082800000, 0x0000000082700000| Untracked 
|  40|0x0000000082800000, 0x0000000082900000, 0x0000000082900000|100%| O|  |TAMS 0x0000000082800000, 0x0000000082800000| Untracked 
|  41|0x0000000082900000, 0x0000000082a00000, 0x0000000082a00000|100%| O|  |TAMS 0x0000000082900000, 0x0000000082900000| Untracked 
|  42|0x0000000082a00000, 0x0000000082b00000, 0x0000000082b00000|100%| O|  |TAMS 0x0000000082b00000, 0x0000000082a00000| Untracked 
|  43|0x0000000082b00000, 0x0000000082c00000, 0x0000000082c00000|100%| O|  |TAMS 0x0000000082b00000, 0x0000000082b00000| Untracked 
|  44|0x0000000082c00000, 0x0000000082d00000, 0x0000000082d00000|100%| O|  |TAMS 0x0000000082c00000, 0x0000000082c00000| Untracked 
|  45|0x0000000082d00000, 0x0000000082e00000, 0x0000000082e00000|100%| O|  |TAMS 0x0000000082d00000, 0x0000000082d00000| Untracked 
|  46|0x0000000082e00000, 0x0000000082f00000, 0x0000000082f00000|100%| O|  |TAMS 0x0000000082f00000, 0x0000000082e00000| Untracked 
|  47|0x0000000082f00000, 0x0000000083000000, 0x0000000083000000|100%|HS|  |TAMS 0x0000000083000000, 0x0000000082f00000| Complete 
|  48|0x0000000083000000, 0x0000000083100000, 0x0000000083100000|100%|HS|  |TAMS 0x0000000083100000, 0x0000000083000000| Complete 
|  49|0x0000000083100000, 0x0000000083200000, 0x0000000083200000|100%|HC|  |TAMS 0x0000000083200000, 0x0000000083100000| Complete 
|  50|0x0000000083200000, 0x0000000083300000, 0x0000000083300000|100%|HS|  |TAMS 0x0000000083300000, 0x0000000083200000| Complete 
|  51|0x0000000083300000, 0x0000000083400000, 0x0000000083400000|100%| O|  |TAMS 0x0000000083300000, 0x0000000083300000| Untracked 
|  52|0x0000000083400000, 0x0000000083500000, 0x0000000083500000|100%| O|  |TAMS 0x0000000083500000, 0x0000000083400000| Untracked 
|  53|0x0000000083500000, 0x0000000083600000, 0x0000000083600000|100%|HS|  |TAMS 0x0000000083600000, 0x0000000083500000| Complete 
|  54|0x0000000083600000, 0x0000000083700000, 0x0000000083700000|100%|HS|  |TAMS 0x0000000083700000, 0x0000000083600000| Complete 
|  55|0x0000000083700000, 0x0000000083800000, 0x0000000083800000|100%|HC|  |TAMS 0x0000000083800000, 0x0000000083700000| Complete 
|  56|0x0000000083800000, 0x0000000083900000, 0x0000000083900000|100%|HC|  |TAMS 0x0000000083900000, 0x0000000083800000| Complete 
|  57|0x0000000083900000, 0x0000000083a00000, 0x0000000083a00000|100%|HC|  |TAMS 0x0000000083a00000, 0x0000000083900000| Complete 
|  58|0x0000000083a00000, 0x0000000083b00000, 0x0000000083b00000|100%| O|  |TAMS 0x0000000083b00000, 0x0000000083a00000| Untracked 
|  59|0x0000000083b00000, 0x0000000083c00000, 0x0000000083c00000|100%|HS|  |TAMS 0x0000000083c00000, 0x0000000083b00000| Complete 
|  60|0x0000000083c00000, 0x0000000083d00000, 0x0000000083d00000|100%|HC|  |TAMS 0x0000000083d00000, 0x0000000083c00000| Complete 
|  61|0x0000000083d00000, 0x0000000083e00000, 0x0000000083e00000|100%|HS|  |TAMS 0x0000000083e00000, 0x0000000083d00000| Complete 
|  62|0x0000000083e00000, 0x0000000083f00000, 0x0000000083f00000|100%|HS|  |TAMS 0x0000000083f00000, 0x0000000083e00000| Complete 
|  63|0x0000000083f00000, 0x0000000084000000, 0x0000000084000000|100%| O|  |TAMS 0x0000000084000000, 0x0000000083f00000| Untracked 
|  64|0x0000000084000000, 0x0000000084100000, 0x0000000084100000|100%| O|  |TAMS 0x0000000084100000, 0x0000000084000000| Untracked 
|  65|0x0000000084100000, 0x0000000084200000, 0x0000000084200000|100%| O|  |TAMS 0x0000000084200000, 0x0000000084100000| Untracked 
|  66|0x0000000084200000, 0x0000000084300000, 0x0000000084300000|100%| O|  |TAMS 0x0000000084300000, 0x0000000084200000| Untracked 
|  67|0x0000000084300000, 0x0000000084400000, 0x0000000084400000|100%| O|  |TAMS 0x0000000084400000, 0x0000000084300000| Untracked 
|  68|0x0000000084400000, 0x0000000084500000, 0x0000000084500000|100%| O|  |TAMS 0x0000000084500000, 0x0000000084400000| Untracked 
|  69|0x0000000084500000, 0x0000000084600000, 0x0000000084600000|100%| O|  |TAMS 0x0000000084600000, 0x0000000084500000| Untracked 
|  70|0x0000000084600000, 0x0000000084700000, 0x0000000084700000|100%|HS|  |TAMS 0x0000000084700000, 0x0000000084600000| Complete 
|  71|0x0000000084700000, 0x0000000084800000, 0x0000000084800000|100%|HC|  |TAMS 0x0000000084800000, 0x0000000084700000| Complete 
|  72|0x0000000084800000, 0x0000000084900000, 0x0000000084900000|100%|HC|  |TAMS 0x0000000084900000, 0x0000000084800000| Complete 
|  73|0x0000000084900000, 0x0000000084a00000, 0x0000000084a00000|100%|HC|  |TAMS 0x0000000084a00000, 0x0000000084900000| Complete 
|  74|0x0000000084a00000, 0x0000000084b00000, 0x0000000084b00000|100%| O|  |TAMS 0x0000000084b00000, 0x0000000084a00000| Untracked 
|  75|0x0000000084b00000, 0x0000000084c00000, 0x0000000084c00000|100%| O|  |TAMS 0x0000000084c00000, 0x0000000084b00000| Untracked 
|  76|0x0000000084c00000, 0x0000000084d00000, 0x0000000084d00000|100%| O|  |TAMS 0x0000000084d00000, 0x0000000084c00000| Untracked 
|  77|0x0000000084d00000, 0x0000000084e00000, 0x0000000084e00000|100%| O|  |TAMS 0x0000000084e00000, 0x0000000084d00000| Untracked 
|  78|0x0000000084e00000, 0x0000000084f00000, 0x0000000084f00000|100%| O|  |TAMS 0x0000000084f00000, 0x0000000084e00000| Untracked 
|  79|0x0000000084f00000, 0x0000000085000000, 0x0000000085000000|100%| O|  |TAMS 0x0000000085000000, 0x0000000084f00000| Untracked 
|  80|0x0000000085000000, 0x0000000085100000, 0x0000000085100000|100%| O|  |TAMS 0x0000000085100000, 0x0000000085000000| Untracked 
|  81|0x0000000085100000, 0x0000000085200000, 0x0000000085200000|100%| O|  |TAMS 0x0000000085200000, 0x0000000085100000| Untracked 
|  82|0x0000000085200000, 0x0000000085300000, 0x0000000085300000|100%| O|  |TAMS 0x0000000085300000, 0x0000000085200000| Untracked 
|  83|0x0000000085300000, 0x0000000085400000, 0x0000000085400000|100%| O|  |TAMS 0x0000000085400000, 0x0000000085300000| Untracked 
|  84|0x0000000085400000, 0x0000000085500000, 0x0000000085500000|100%| O|  |TAMS 0x0000000085500000, 0x0000000085400000| Untracked 
|  85|0x0000000085500000, 0x0000000085600000, 0x0000000085600000|100%| O|  |TAMS 0x0000000085600000, 0x0000000085500000| Untracked 
|  86|0x0000000085600000, 0x0000000085700000, 0x0000000085700000|100%| O|  |TAMS 0x0000000085700000, 0x0000000085600000| Untracked 
|  87|0x0000000085700000, 0x0000000085800000, 0x0000000085800000|100%| O|  |TAMS 0x0000000085800000, 0x0000000085700000| Untracked 
|  88|0x0000000085800000, 0x0000000085900000, 0x0000000085900000|100%| O|  |TAMS 0x0000000085900000, 0x0000000085800000| Untracked 
|  89|0x0000000085900000, 0x0000000085a00000, 0x0000000085a00000|100%|HS|  |TAMS 0x0000000085a00000, 0x0000000085900000| Complete 
|  90|0x0000000085a00000, 0x0000000085b00000, 0x0000000085b00000|100%| O|  |TAMS 0x0000000085b00000, 0x0000000085a00000| Untracked 
|  91|0x0000000085b00000, 0x0000000085c00000, 0x0000000085c00000|100%| O|  |TAMS 0x0000000085c00000, 0x0000000085b00000| Untracked 
|  92|0x0000000085c00000, 0x0000000085d00000, 0x0000000085d00000|100%| O|  |TAMS 0x0000000085d00000, 0x0000000085c00000| Untracked 
|  93|0x0000000085d00000, 0x0000000085e00000, 0x0000000085e00000|100%| O|  |TAMS 0x0000000085e00000, 0x0000000085d00000| Untracked 
|  94|0x0000000085e00000, 0x0000000085f00000, 0x0000000085f00000|100%| O|  |TAMS 0x0000000085f00000, 0x0000000085e00000| Untracked 
|  95|0x0000000085f00000, 0x0000000086000000, 0x0000000086000000|100%| O|  |TAMS 0x0000000086000000, 0x0000000085f00000| Untracked 
|  96|0x0000000086000000, 0x0000000086100000, 0x0000000086100000|100%| O|  |TAMS 0x0000000086100000, 0x0000000086000000| Untracked 
|  97|0x0000000086100000, 0x0000000086200000, 0x0000000086200000|100%| O|  |TAMS 0x0000000086200000, 0x0000000086100000| Untracked 
|  98|0x0000000086200000, 0x0000000086300000, 0x0000000086300000|100%| O|  |TAMS 0x0000000086200000, 0x0000000086200000| Untracked 
|  99|0x0000000086300000, 0x0000000086400000, 0x0000000086400000|100%| O|  |TAMS 0x0000000086400000, 0x0000000086300000| Untracked 
| 100|0x0000000086400000, 0x0000000086500000, 0x0000000086500000|100%| O|  |TAMS 0x0000000086500000, 0x0000000086400000| Untracked 
| 101|0x0000000086500000, 0x0000000086600000, 0x0000000086600000|100%| O|  |TAMS 0x0000000086600000, 0x0000000086500000| Untracked 
| 102|0x0000000086600000, 0x0000000086700000, 0x0000000086700000|100%| O|  |TAMS 0x0000000086700000, 0x0000000086600000| Untracked 
| 103|0x0000000086700000, 0x0000000086800000, 0x0000000086800000|100%| O|  |TAMS 0x0000000086800000, 0x0000000086700000| Untracked 
| 104|0x0000000086800000, 0x0000000086900000, 0x0000000086900000|100%| O|  |TAMS 0x0000000086900000, 0x0000000086800000| Untracked 
| 105|0x0000000086900000, 0x0000000086a00000, 0x0000000086a00000|100%| O|  |TAMS 0x0000000086a00000, 0x0000000086900000| Untracked 
| 106|0x0000000086a00000, 0x0000000086b00000, 0x0000000086b00000|100%| O|  |TAMS 0x0000000086b00000, 0x0000000086a00000| Untracked 
| 107|0x0000000086b00000, 0x0000000086c00000, 0x0000000086c00000|100%| O|  |TAMS 0x0000000086c00000, 0x0000000086b00000| Untracked 
| 108|0x0000000086c00000, 0x0000000086d00000, 0x0000000086d00000|100%| O|  |TAMS 0x0000000086d00000, 0x0000000086c00000| Untracked 
| 109|0x0000000086d00000, 0x0000000086e00000, 0x0000000086e00000|100%| O|  |TAMS 0x0000000086e00000, 0x0000000086d00000| Untracked 
| 110|0x0000000086e00000, 0x0000000086f00000, 0x0000000086f00000|100%| O|  |TAMS 0x0000000086f00000, 0x0000000086e00000| Untracked 
| 111|0x0000000086f00000, 0x0000000087000000, 0x0000000087000000|100%| O|  |TAMS 0x0000000087000000, 0x0000000086f00000| Untracked 
| 112|0x0000000087000000, 0x0000000087100000, 0x0000000087100000|100%| O|  |TAMS 0x0000000087100000, 0x0000000087000000| Untracked 
| 113|0x0000000087100000, 0x0000000087200000, 0x0000000087200000|100%| O|  |TAMS 0x0000000087200000, 0x0000000087100000| Untracked 
| 114|0x0000000087200000, 0x0000000087300000, 0x0000000087300000|100%| O|  |TAMS 0x0000000087300000, 0x0000000087200000| Untracked 
| 115|0x0000000087300000, 0x0000000087400000, 0x0000000087400000|100%| O|  |TAMS 0x0000000087400000, 0x0000000087300000| Untracked 
| 116|0x0000000087400000, 0x0000000087500000, 0x0000000087500000|100%| O|  |TAMS 0x0000000087500000, 0x0000000087400000| Untracked 
| 117|0x0000000087500000, 0x0000000087600000, 0x0000000087600000|100%| O|  |TAMS 0x0000000087600000, 0x0000000087500000| Untracked 
| 118|0x0000000087600000, 0x0000000087700000, 0x0000000087700000|100%| O|  |TAMS 0x0000000087700000, 0x0000000087600000| Untracked 
| 119|0x0000000087700000, 0x0000000087800000, 0x0000000087800000|100%| O|  |TAMS 0x0000000087800000, 0x0000000087700000| Untracked 
| 120|0x0000000087800000, 0x0000000087900000, 0x0000000087900000|100%| O|  |TAMS 0x0000000087900000, 0x0000000087800000| Untracked 
| 121|0x0000000087900000, 0x0000000087a00000, 0x0000000087a00000|100%| O|  |TAMS 0x0000000087a00000, 0x0000000087900000| Untracked 
| 122|0x0000000087a00000, 0x0000000087b00000, 0x0000000087b00000|100%| O|  |TAMS 0x0000000087b00000, 0x0000000087a00000| Untracked 
| 123|0x0000000087b00000, 0x0000000087c00000, 0x0000000087c00000|100%| O|  |TAMS 0x0000000087c00000, 0x0000000087b00000| Untracked 
| 124|0x0000000087c00000, 0x0000000087d00000, 0x0000000087d00000|100%| O|  |TAMS 0x0000000087d00000, 0x0000000087c00000| Untracked 
| 125|0x0000000087d00000, 0x0000000087e00000, 0x0000000087e00000|100%| O|  |TAMS 0x0000000087e00000, 0x0000000087d00000| Untracked 
| 126|0x0000000087e00000, 0x0000000087f00000, 0x0000000087f00000|100%| O|  |TAMS 0x0000000087f00000, 0x0000000087e00000| Untracked 
| 127|0x0000000087f00000, 0x0000000088000000, 0x0000000088000000|100%| O|  |TAMS 0x0000000088000000, 0x0000000087f00000| Untracked 
| 128|0x0000000088000000, 0x0000000088100000, 0x0000000088100000|100%| O|  |TAMS 0x0000000088100000, 0x0000000088000000| Untracked 
| 129|0x0000000088100000, 0x0000000088200000, 0x0000000088200000|100%| O|  |TAMS 0x0000000088200000, 0x0000000088100000| Untracked 
| 130|0x0000000088200000, 0x0000000088300000, 0x0000000088300000|100%| O|  |TAMS 0x0000000088300000, 0x0000000088200000| Untracked 
| 131|0x0000000088300000, 0x0000000088400000, 0x0000000088400000|100%| O|  |TAMS 0x0000000088400000, 0x0000000088300000| Untracked 
| 132|0x0000000088400000, 0x0000000088500000, 0x0000000088500000|100%| O|  |TAMS 0x0000000088500000, 0x0000000088400000| Untracked 
| 133|0x0000000088500000, 0x0000000088600000, 0x0000000088600000|100%| O|  |TAMS 0x0000000088600000, 0x0000000088500000| Untracked 
| 134|0x0000000088600000, 0x0000000088700000, 0x0000000088700000|100%| O|  |TAMS 0x0000000088700000, 0x0000000088600000| Untracked 
| 135|0x0000000088700000, 0x0000000088800000, 0x0000000088800000|100%| O|  |TAMS 0x0000000088800000, 0x0000000088700000| Untracked 
| 136|0x0000000088800000, 0x0000000088900000, 0x0000000088900000|100%| O|  |TAMS 0x0000000088900000, 0x0000000088800000| Untracked 
| 137|0x0000000088900000, 0x0000000088a00000, 0x0000000088a00000|100%| O|  |TAMS 0x0000000088a00000, 0x0000000088900000| Untracked 
| 138|0x0000000088a00000, 0x0000000088b00000, 0x0000000088b00000|100%| O|  |TAMS 0x0000000088a00000, 0x0000000088a00000| Untracked 
| 139|0x0000000088b00000, 0x0000000088c00000, 0x0000000088c00000|100%| O|  |TAMS 0x0000000088b00000, 0x0000000088b00000| Untracked 
| 140|0x0000000088c00000, 0x0000000088d00000, 0x0000000088d00000|100%| O|  |TAMS 0x0000000088d00000, 0x0000000088c00000| Untracked 
| 141|0x0000000088d00000, 0x0000000088e00000, 0x0000000088e00000|100%| O|  |TAMS 0x0000000088e00000, 0x0000000088d00000| Untracked 
| 142|0x0000000088e00000, 0x0000000088f00000, 0x0000000088f00000|100%| O|  |TAMS 0x0000000088f00000, 0x0000000088e00000| Untracked 
| 143|0x0000000088f00000, 0x0000000089000000, 0x0000000089000000|100%| O|  |TAMS 0x0000000089000000, 0x0000000088f00000| Untracked 
| 144|0x0000000089000000, 0x0000000089100000, 0x0000000089100000|100%| O|  |TAMS 0x0000000089100000, 0x0000000089000000| Untracked 
| 145|0x0000000089100000, 0x0000000089200000, 0x0000000089200000|100%| O|  |TAMS 0x0000000089200000, 0x0000000089100000| Untracked 
| 146|0x0000000089200000, 0x0000000089300000, 0x0000000089300000|100%| O|  |TAMS 0x0000000089300000, 0x0000000089200000| Untracked 
| 147|0x0000000089300000, 0x0000000089400000, 0x0000000089400000|100%| O|  |TAMS 0x0000000089400000, 0x0000000089300000| Untracked 
| 148|0x0000000089400000, 0x0000000089500000, 0x0000000089500000|100%|HS|  |TAMS 0x0000000089500000, 0x0000000089400000| Complete 
| 149|0x0000000089500000, 0x0000000089600000, 0x0000000089600000|100%|HC|  |TAMS 0x0000000089600000, 0x0000000089500000| Complete 
| 150|0x0000000089600000, 0x0000000089700000, 0x0000000089700000|100%|HC|  |TAMS 0x0000000089700000, 0x0000000089600000| Complete 
| 151|0x0000000089700000, 0x0000000089800000, 0x0000000089800000|100%|HC|  |TAMS 0x0000000089800000, 0x0000000089700000| Complete 
| 152|0x0000000089800000, 0x0000000089900000, 0x0000000089900000|100%|HC|  |TAMS 0x0000000089900000, 0x0000000089800000| Complete 
| 153|0x0000000089900000, 0x0000000089a00000, 0x0000000089a00000|100%|HC|  |TAMS 0x0000000089a00000, 0x0000000089900000| Complete 
| 154|0x0000000089a00000, 0x0000000089b00000, 0x0000000089b00000|100%|HC|  |TAMS 0x0000000089b00000, 0x0000000089a00000| Complete 
| 155|0x0000000089b00000, 0x0000000089c00000, 0x0000000089c00000|100%| O|  |TAMS 0x0000000089c00000, 0x0000000089b00000| Untracked 
| 156|0x0000000089c00000, 0x0000000089d00000, 0x0000000089d00000|100%| O|  |TAMS 0x0000000089d00000, 0x0000000089c00000| Untracked 
| 157|0x0000000089d00000, 0x0000000089e00000, 0x0000000089e00000|100%| O|  |TAMS 0x0000000089d00000, 0x0000000089d00000| Untracked 
| 158|0x0000000089e00000, 0x0000000089f00000, 0x0000000089f00000|100%| O|  |TAMS 0x0000000089f00000, 0x0000000089e00000| Untracked 
| 159|0x0000000089f00000, 0x000000008a000000, 0x000000008a000000|100%| O|  |TAMS 0x000000008a000000, 0x0000000089f00000| Untracked 
| 160|0x000000008a000000, 0x000000008a100000, 0x000000008a100000|100%| O|  |TAMS 0x000000008a100000, 0x000000008a000000| Untracked 
| 161|0x000000008a100000, 0x000000008a200000, 0x000000008a200000|100%| O|  |TAMS 0x000000008a200000, 0x000000008a100000| Untracked 
| 162|0x000000008a200000, 0x000000008a300000, 0x000000008a300000|100%| O|  |TAMS 0x000000008a2c7a00, 0x000000008a200000| Untracked 
| 163|0x000000008a300000, 0x000000008a400000, 0x000000008a400000|100%| O|  |TAMS 0x000000008a300000, 0x000000008a300000| Untracked 
| 164|0x000000008a400000, 0x000000008a500000, 0x000000008a500000|100%| O|  |TAMS 0x000000008a400000, 0x000000008a400000| Untracked 
| 165|0x000000008a500000, 0x000000008a600000, 0x000000008a600000|100%| O|  |TAMS 0x000000008a500000, 0x000000008a500000| Untracked 
| 166|0x000000008a600000, 0x000000008a700000, 0x000000008a700000|100%| O|  |TAMS 0x000000008a600000, 0x000000008a600000| Untracked 
| 167|0x000000008a700000, 0x000000008a800000, 0x000000008a800000|100%|HS|  |TAMS 0x000000008a700000, 0x000000008a700000| Complete 
| 168|0x000000008a800000, 0x000000008a900000, 0x000000008a900000|100%|HC|  |TAMS 0x000000008a800000, 0x000000008a800000| Complete 
| 169|0x000000008a900000, 0x000000008aa00000, 0x000000008aa00000|100%| O|  |TAMS 0x000000008a900000, 0x000000008a900000| Untracked 
| 170|0x000000008aa00000, 0x000000008ab00000, 0x000000008ab00000|100%| O|  |TAMS 0x000000008aa00000, 0x000000008aa00000| Untracked 
| 171|0x000000008ab00000, 0x000000008ac00000, 0x000000008ac00000|100%| O|  |TAMS 0x000000008ab00000, 0x000000008ab00000| Untracked 
| 172|0x000000008ac00000, 0x000000008ad00000, 0x000000008ad00000|100%| O|  |TAMS 0x000000008ac00000, 0x000000008ac00000| Untracked 
| 173|0x000000008ad00000, 0x000000008ae00000, 0x000000008ae00000|100%| O|  |TAMS 0x000000008ad00000, 0x000000008ad00000| Untracked 
| 174|0x000000008ae00000, 0x000000008af00000, 0x000000008af00000|100%| O|  |TAMS 0x000000008ae00000, 0x000000008ae00000| Untracked 
| 175|0x000000008af00000, 0x000000008b000000, 0x000000008b000000|100%| O|  |TAMS 0x000000008af00000, 0x000000008af00000| Untracked 
| 176|0x000000008b000000, 0x000000008b100000, 0x000000008b100000|100%| O|  |TAMS 0x000000008b000000, 0x000000008b000000| Untracked 
| 177|0x000000008b100000, 0x000000008b200000, 0x000000008b200000|100%| O|  |TAMS 0x000000008b100000, 0x000000008b100000| Untracked 
| 178|0x000000008b200000, 0x000000008b300000, 0x000000008b300000|100%| O|  |TAMS 0x000000008b200000, 0x000000008b200000| Untracked 
| 179|0x000000008b300000, 0x000000008b400000, 0x000000008b400000|100%| O|  |TAMS 0x000000008b300000, 0x000000008b300000| Untracked 
| 180|0x000000008b400000, 0x000000008b500000, 0x000000008b500000|100%| O|  |TAMS 0x000000008b400000, 0x000000008b400000| Untracked 
| 181|0x000000008b500000, 0x000000008b600000, 0x000000008b600000|100%| O|  |TAMS 0x000000008b500000, 0x000000008b500000| Untracked 
| 182|0x000000008b600000, 0x000000008b700000, 0x000000008b700000|100%| O|  |TAMS 0x000000008b600000, 0x000000008b600000| Untracked 
| 183|0x000000008b700000, 0x000000008b800000, 0x000000008b800000|100%| O|  |TAMS 0x000000008b700000, 0x000000008b700000| Untracked 
| 184|0x000000008b800000, 0x000000008b900000, 0x000000008b900000|100%| O|  |TAMS 0x000000008b800000, 0x000000008b800000| Untracked 
| 185|0x000000008b900000, 0x000000008ba00000, 0x000000008ba00000|100%| O|  |TAMS 0x000000008b900000, 0x000000008b900000| Untracked 
| 186|0x000000008ba00000, 0x000000008bb00000, 0x000000008bb00000|100%| O|  |TAMS 0x000000008ba00000, 0x000000008ba00000| Untracked 
| 187|0x000000008bb00000, 0x000000008bc00000, 0x000000008bc00000|100%| O|  |TAMS 0x000000008bb00000, 0x000000008bb00000| Untracked 
| 188|0x000000008bc00000, 0x000000008bd00000, 0x000000008bd00000|100%| O|  |TAMS 0x000000008bc00000, 0x000000008bc00000| Untracked 
| 189|0x000000008bd00000, 0x000000008be00000, 0x000000008be00000|100%| O|  |TAMS 0x000000008bd00000, 0x000000008bd00000| Untracked 
| 190|0x000000008be00000, 0x000000008bf00000, 0x000000008bf00000|100%| O|  |TAMS 0x000000008be00000, 0x000000008be00000| Untracked 
| 191|0x000000008bf00000, 0x000000008c000000, 0x000000008c000000|100%| O|  |TAMS 0x000000008bf00000, 0x000000008bf00000| Untracked 
| 192|0x000000008c000000, 0x000000008c100000, 0x000000008c100000|100%| O|  |TAMS 0x000000008c000000, 0x000000008c000000| Untracked 
| 193|0x000000008c100000, 0x000000008c200000, 0x000000008c200000|100%| O|  |TAMS 0x000000008c100000, 0x000000008c100000| Untracked 
| 194|0x000000008c200000, 0x000000008c300000, 0x000000008c300000|100%| O|  |TAMS 0x000000008c200000, 0x000000008c200000| Untracked 
| 195|0x000000008c300000, 0x000000008c400000, 0x000000008c400000|100%| O|  |TAMS 0x000000008c300000, 0x000000008c300000| Untracked 
| 196|0x000000008c400000, 0x000000008c500000, 0x000000008c500000|100%| O|  |TAMS 0x000000008c400000, 0x000000008c400000| Untracked 
| 197|0x000000008c500000, 0x000000008c600000, 0x000000008c600000|100%| O|  |TAMS 0x000000008c500000, 0x000000008c500000| Untracked 
| 198|0x000000008c600000, 0x000000008c700000, 0x000000008c700000|100%| O|  |TAMS 0x000000008c600000, 0x000000008c600000| Untracked 
| 199|0x000000008c700000, 0x000000008c800000, 0x000000008c800000|100%| O|  |TAMS 0x000000008c700000, 0x000000008c700000| Untracked 
| 200|0x000000008c800000, 0x000000008c900000, 0x000000008c900000|100%| O|  |TAMS 0x000000008c800000, 0x000000008c800000| Untracked 
| 201|0x000000008c900000, 0x000000008ca00000, 0x000000008ca00000|100%| O|  |TAMS 0x000000008c900000, 0x000000008c900000| Untracked 
| 202|0x000000008ca00000, 0x000000008cb00000, 0x000000008cb00000|100%| O|  |TAMS 0x000000008ca00000, 0x000000008ca00000| Untracked 
| 203|0x000000008cb00000, 0x000000008cc00000, 0x000000008cc00000|100%| O|  |TAMS 0x000000008cb00000, 0x000000008cb00000| Untracked 
| 204|0x000000008cc00000, 0x000000008cd00000, 0x000000008cd00000|100%| O|  |TAMS 0x000000008cc00000, 0x000000008cc00000| Untracked 
| 205|0x000000008cd00000, 0x000000008ce00000, 0x000000008ce00000|100%| O|  |TAMS 0x000000008cd00000, 0x000000008cd00000| Untracked 
| 206|0x000000008ce00000, 0x000000008cf00000, 0x000000008cf00000|100%| O|  |TAMS 0x000000008ce00000, 0x000000008ce00000| Untracked 
| 207|0x000000008cf00000, 0x000000008d000000, 0x000000008d000000|100%| O|  |TAMS 0x000000008cf00000, 0x000000008cf00000| Untracked 
| 208|0x000000008d000000, 0x000000008d100000, 0x000000008d100000|100%| O|  |TAMS 0x000000008d000000, 0x000000008d000000| Untracked 
| 209|0x000000008d100000, 0x000000008d200000, 0x000000008d200000|100%| O|  |TAMS 0x000000008d100000, 0x000000008d100000| Untracked 
| 210|0x000000008d200000, 0x000000008d300000, 0x000000008d300000|100%| O|  |TAMS 0x000000008d200000, 0x000000008d200000| Untracked 
| 211|0x000000008d300000, 0x000000008d400000, 0x000000008d400000|100%| O|  |TAMS 0x000000008d300000, 0x000000008d300000| Untracked 
| 212|0x000000008d400000, 0x000000008d500000, 0x000000008d500000|100%| O|  |TAMS 0x000000008d400000, 0x000000008d400000| Untracked 
| 213|0x000000008d500000, 0x000000008d580000, 0x000000008d600000| 50%| O|  |TAMS 0x000000008d500000, 0x000000008d500000| Untracked 
| 214|0x000000008d600000, 0x000000008d600000, 0x000000008d700000|  0%| F|  |TAMS 0x000000008d600000, 0x000000008d600000| Untracked 
| 215|0x000000008d700000, 0x000000008d700000, 0x000000008d800000|  0%| F|  |TAMS 0x000000008d700000, 0x000000008d700000| Untracked 
| 216|0x000000008d800000, 0x000000008d800000, 0x000000008d900000|  0%| F|  |TAMS 0x000000008d800000, 0x000000008d800000| Untracked 
| 217|0x000000008d900000, 0x000000008d900000, 0x000000008da00000|  0%| F|  |TAMS 0x000000008d900000, 0x000000008d900000| Untracked 
| 218|0x000000008da00000, 0x000000008da00000, 0x000000008db00000|  0%| F|  |TAMS 0x000000008da00000, 0x000000008da00000| Untracked 
| 219|0x000000008db00000, 0x000000008db00000, 0x000000008dc00000|  0%| F|  |TAMS 0x000000008db00000, 0x000000008db00000| Untracked 
| 220|0x000000008dc00000, 0x000000008dc00000, 0x000000008dd00000|  0%| F|  |TAMS 0x000000008dc00000, 0x000000008dc00000| Untracked 
| 221|0x000000008dd00000, 0x000000008dd00000, 0x000000008de00000|  0%| F|  |TAMS 0x000000008dd00000, 0x000000008dd00000| Untracked 
| 222|0x000000008de00000, 0x000000008de00000, 0x000000008df00000|  0%| F|  |TAMS 0x000000008de00000, 0x000000008de00000| Untracked 
| 223|0x000000008df00000, 0x000000008df00000, 0x000000008e000000|  0%| F|  |TAMS 0x000000008df00000, 0x000000008df00000| Untracked 
| 224|0x000000008e000000, 0x000000008e000000, 0x000000008e100000|  0%| F|  |TAMS 0x000000008e000000, 0x000000008e000000| Untracked 
| 225|0x000000008e100000, 0x000000008e100000, 0x000000008e200000|  0%| F|  |TAMS 0x000000008e100000, 0x000000008e100000| Untracked 
| 226|0x000000008e200000, 0x000000008e200000, 0x000000008e300000|  0%| F|  |TAMS 0x000000008e200000, 0x000000008e200000| Untracked 
| 227|0x000000008e300000, 0x000000008e300000, 0x000000008e400000|  0%| F|  |TAMS 0x000000008e300000, 0x000000008e300000| Untracked 
| 228|0x000000008e400000, 0x000000008e400000, 0x000000008e500000|  0%| F|  |TAMS 0x000000008e400000, 0x000000008e400000| Untracked 
| 229|0x000000008e500000, 0x000000008e500000, 0x000000008e600000|  0%| F|  |TAMS 0x000000008e500000, 0x000000008e500000| Untracked 
| 230|0x000000008e600000, 0x000000008e600000, 0x000000008e700000|  0%| F|  |TAMS 0x000000008e600000, 0x000000008e600000| Untracked 
| 231|0x000000008e700000, 0x000000008e700000, 0x000000008e800000|  0%| F|  |TAMS 0x000000008e700000, 0x000000008e700000| Untracked 
| 232|0x000000008e800000, 0x000000008e800000, 0x000000008e900000|  0%| F|  |TAMS 0x000000008e800000, 0x000000008e800000| Untracked 
| 233|0x000000008e900000, 0x000000008e900000, 0x000000008ea00000|  0%| F|  |TAMS 0x000000008e900000, 0x000000008e900000| Untracked 
| 234|0x000000008ea00000, 0x000000008ea00000, 0x000000008eb00000|  0%| F|  |TAMS 0x000000008ea00000, 0x000000008ea00000| Untracked 
| 235|0x000000008eb00000, 0x000000008eb00000, 0x000000008ec00000|  0%| F|  |TAMS 0x000000008eb00000, 0x000000008eb00000| Untracked 
| 236|0x000000008ec00000, 0x000000008ec00000, 0x000000008ed00000|  0%| F|  |TAMS 0x000000008ec00000, 0x000000008ec00000| Untracked 
| 237|0x000000008ed00000, 0x000000008ed00000, 0x000000008ee00000|  0%| F|  |TAMS 0x000000008ed00000, 0x000000008ed00000| Untracked 
| 238|0x000000008ee00000, 0x000000008ee00000, 0x000000008ef00000|  0%| F|  |TAMS 0x000000008ee00000, 0x000000008ee00000| Untracked 
| 239|0x000000008ef00000, 0x000000008ef00000, 0x000000008f000000|  0%| F|  |TAMS 0x000000008ef00000, 0x000000008ef00000| Untracked 
| 240|0x000000008f000000, 0x000000008f000000, 0x000000008f100000|  0%| F|  |TAMS 0x000000008f000000, 0x000000008f000000| Untracked 
| 241|0x000000008f100000, 0x000000008f100000, 0x000000008f200000|  0%| F|  |TAMS 0x000000008f100000, 0x000000008f100000| Untracked 
| 242|0x000000008f200000, 0x000000008f200000, 0x000000008f300000|  0%| F|  |TAMS 0x000000008f200000, 0x000000008f200000| Untracked 
| 243|0x000000008f300000, 0x000000008f300000, 0x000000008f400000|  0%| F|  |TAMS 0x000000008f300000, 0x000000008f300000| Untracked 
| 244|0x000000008f400000, 0x000000008f400000, 0x000000008f500000|  0%| F|  |TAMS 0x000000008f400000, 0x000000008f400000| Untracked 
| 245|0x000000008f500000, 0x000000008f500000, 0x000000008f600000|  0%| F|  |TAMS 0x000000008f500000, 0x000000008f500000| Untracked 
| 246|0x000000008f600000, 0x000000008f600000, 0x000000008f700000|  0%| F|  |TAMS 0x000000008f600000, 0x000000008f600000| Untracked 
| 247|0x000000008f700000, 0x000000008f700000, 0x000000008f800000|  0%| F|  |TAMS 0x000000008f700000, 0x000000008f700000| Untracked 
| 248|0x000000008f800000, 0x000000008f800000, 0x000000008f900000|  0%| F|  |TAMS 0x000000008f800000, 0x000000008f800000| Untracked 
| 249|0x000000008f900000, 0x000000008f900000, 0x000000008fa00000|  0%| F|  |TAMS 0x000000008f900000, 0x000000008f900000| Untracked 
| 250|0x000000008fa00000, 0x000000008fa00000, 0x000000008fb00000|  0%| F|  |TAMS 0x000000008fa00000, 0x000000008fa00000| Untracked 
| 251|0x000000008fb00000, 0x000000008fb00000, 0x000000008fc00000|  0%| F|  |TAMS 0x000000008fb00000, 0x000000008fb00000| Untracked 
| 252|0x000000008fc00000, 0x000000008fc00000, 0x000000008fd00000|  0%| F|  |TAMS 0x000000008fc00000, 0x000000008fc00000| Untracked 
| 253|0x000000008fd00000, 0x000000008fd00000, 0x000000008fe00000|  0%| F|  |TAMS 0x000000008fd00000, 0x000000008fd00000| Untracked 
| 254|0x000000008fe00000, 0x000000008fe00000, 0x000000008ff00000|  0%| F|  |TAMS 0x000000008fe00000, 0x000000008fe00000| Untracked 
| 255|0x000000008ff00000, 0x000000008ff00000, 0x0000000090000000|  0%| F|  |TAMS 0x000000008ff00000, 0x000000008ff00000| Untracked 
| 256|0x0000000090000000, 0x0000000090000000, 0x0000000090100000|  0%| F|  |TAMS 0x0000000090000000, 0x0000000090000000| Untracked 
| 257|0x0000000090100000, 0x0000000090100000, 0x0000000090200000|  0%| F|  |TAMS 0x0000000090100000, 0x0000000090100000| Untracked 
| 258|0x0000000090200000, 0x0000000090200000, 0x0000000090300000|  0%| F|  |TAMS 0x0000000090200000, 0x0000000090200000| Untracked 
| 259|0x0000000090300000, 0x0000000090300000, 0x0000000090400000|  0%| F|  |TAMS 0x0000000090300000, 0x0000000090300000| Untracked 
| 260|0x0000000090400000, 0x0000000090400000, 0x0000000090500000|  0%| F|  |TAMS 0x0000000090400000, 0x0000000090400000| Untracked 
| 261|0x0000000090500000, 0x0000000090500000, 0x0000000090600000|  0%| F|  |TAMS 0x0000000090500000, 0x0000000090500000| Untracked 
| 262|0x0000000090600000, 0x0000000090600000, 0x0000000090700000|  0%| F|  |TAMS 0x0000000090600000, 0x0000000090600000| Untracked 
| 263|0x0000000090700000, 0x0000000090700000, 0x0000000090800000|  0%| F|  |TAMS 0x0000000090700000, 0x0000000090700000| Untracked 
| 264|0x0000000090800000, 0x0000000090800000, 0x0000000090900000|  0%| F|  |TAMS 0x0000000090800000, 0x0000000090800000| Untracked 
| 265|0x0000000090900000, 0x0000000090900000, 0x0000000090a00000|  0%| F|  |TAMS 0x0000000090900000, 0x0000000090900000| Untracked 
| 266|0x0000000090a00000, 0x0000000090a00000, 0x0000000090b00000|  0%| F|  |TAMS 0x0000000090a00000, 0x0000000090a00000| Untracked 
| 267|0x0000000090b00000, 0x0000000090b00000, 0x0000000090c00000|  0%| F|  |TAMS 0x0000000090b00000, 0x0000000090b00000| Untracked 
| 268|0x0000000090c00000, 0x0000000090c00000, 0x0000000090d00000|  0%| F|  |TAMS 0x0000000090c00000, 0x0000000090c00000| Untracked 
| 269|0x0000000090d00000, 0x0000000090d00000, 0x0000000090e00000|  0%| F|  |TAMS 0x0000000090d00000, 0x0000000090d00000| Untracked 
| 270|0x0000000090e00000, 0x0000000090e00000, 0x0000000090f00000|  0%| F|  |TAMS 0x0000000090e00000, 0x0000000090e00000| Untracked 
| 271|0x0000000090f00000, 0x0000000090f00000, 0x0000000091000000|  0%| F|  |TAMS 0x0000000090f00000, 0x0000000090f00000| Untracked 
| 272|0x0000000091000000, 0x0000000091000000, 0x0000000091100000|  0%| F|  |TAMS 0x0000000091000000, 0x0000000091000000| Untracked 
| 273|0x0000000091100000, 0x0000000091100000, 0x0000000091200000|  0%| F|  |TAMS 0x0000000091100000, 0x0000000091100000| Untracked 
| 274|0x0000000091200000, 0x0000000091200000, 0x0000000091300000|  0%| F|  |TAMS 0x0000000091200000, 0x0000000091200000| Untracked 
| 275|0x0000000091300000, 0x0000000091300000, 0x0000000091400000|  0%| F|  |TAMS 0x0000000091300000, 0x0000000091300000| Untracked 
| 276|0x0000000091400000, 0x0000000091400000, 0x0000000091500000|  0%| F|  |TAMS 0x0000000091400000, 0x0000000091400000| Untracked 
| 277|0x0000000091500000, 0x0000000091500000, 0x0000000091600000|  0%| F|  |TAMS 0x0000000091500000, 0x0000000091500000| Untracked 
| 278|0x0000000091600000, 0x0000000091600000, 0x0000000091700000|  0%| F|  |TAMS 0x0000000091600000, 0x0000000091600000| Untracked 
| 279|0x0000000091700000, 0x0000000091700000, 0x0000000091800000|  0%| F|  |TAMS 0x0000000091700000, 0x0000000091700000| Untracked 
| 280|0x0000000091800000, 0x0000000091800000, 0x0000000091900000|  0%| F|  |TAMS 0x0000000091800000, 0x0000000091800000| Untracked 
| 281|0x0000000091900000, 0x0000000091900000, 0x0000000091a00000|  0%| F|  |TAMS 0x0000000091900000, 0x0000000091900000| Untracked 
| 282|0x0000000091a00000, 0x0000000091a00000, 0x0000000091b00000|  0%| F|  |TAMS 0x0000000091a00000, 0x0000000091a00000| Untracked 
| 283|0x0000000091b00000, 0x0000000091b00000, 0x0000000091c00000|  0%| F|  |TAMS 0x0000000091b00000, 0x0000000091b00000| Untracked 
| 284|0x0000000091c00000, 0x0000000091c00000, 0x0000000091d00000|  0%| F|  |TAMS 0x0000000091c00000, 0x0000000091c00000| Untracked 
| 285|0x0000000091d00000, 0x0000000091d00000, 0x0000000091e00000|  0%| F|  |TAMS 0x0000000091d00000, 0x0000000091d00000| Untracked 
| 286|0x0000000091e00000, 0x0000000091e00000, 0x0000000091f00000|  0%| F|  |TAMS 0x0000000091e00000, 0x0000000091e00000| Untracked 
| 287|0x0000000091f00000, 0x0000000091f00000, 0x0000000092000000|  0%| F|  |TAMS 0x0000000091f00000, 0x0000000091f00000| Untracked 
| 288|0x0000000092000000, 0x0000000092000000, 0x0000000092100000|  0%| F|  |TAMS 0x0000000092000000, 0x0000000092000000| Untracked 
| 289|0x0000000092100000, 0x0000000092100000, 0x0000000092200000|  0%| F|  |TAMS 0x0000000092100000, 0x0000000092100000| Untracked 
| 290|0x0000000092200000, 0x0000000092200000, 0x0000000092300000|  0%| F|  |TAMS 0x0000000092200000, 0x0000000092200000| Untracked 
| 291|0x0000000092300000, 0x0000000092300000, 0x0000000092400000|  0%| F|  |TAMS 0x0000000092300000, 0x0000000092300000| Untracked 
| 292|0x0000000092400000, 0x0000000092400000, 0x0000000092500000|  0%| F|  |TAMS 0x0000000092400000, 0x0000000092400000| Untracked 
| 293|0x0000000092500000, 0x0000000092500000, 0x0000000092600000|  0%| F|  |TAMS 0x0000000092500000, 0x0000000092500000| Untracked 
| 294|0x0000000092600000, 0x0000000092600000, 0x0000000092700000|  0%| F|  |TAMS 0x0000000092600000, 0x0000000092600000| Untracked 
| 295|0x0000000092700000, 0x0000000092700000, 0x0000000092800000|  0%| F|  |TAMS 0x0000000092700000, 0x0000000092700000| Untracked 
| 296|0x0000000092800000, 0x0000000092800000, 0x0000000092900000|  0%| F|  |TAMS 0x0000000092800000, 0x0000000092800000| Untracked 
| 297|0x0000000092900000, 0x0000000092900000, 0x0000000092a00000|  0%| F|  |TAMS 0x0000000092900000, 0x0000000092900000| Untracked 
| 298|0x0000000092a00000, 0x0000000092a00000, 0x0000000092b00000|  0%| F|  |TAMS 0x0000000092a00000, 0x0000000092a00000| Untracked 
| 299|0x0000000092b00000, 0x0000000092b00000, 0x0000000092c00000|  0%| F|  |TAMS 0x0000000092b00000, 0x0000000092b00000| Untracked 
| 300|0x0000000092c00000, 0x0000000092c00000, 0x0000000092d00000|  0%| F|  |TAMS 0x0000000092c00000, 0x0000000092c00000| Untracked 
| 301|0x0000000092d00000, 0x0000000092d00000, 0x0000000092e00000|  0%| F|  |TAMS 0x0000000092d00000, 0x0000000092d00000| Untracked 
| 302|0x0000000092e00000, 0x0000000092e00000, 0x0000000092f00000|  0%| F|  |TAMS 0x0000000092e00000, 0x0000000092e00000| Untracked 
| 303|0x0000000092f00000, 0x0000000092f00000, 0x0000000093000000|  0%| F|  |TAMS 0x0000000092f00000, 0x0000000092f00000| Untracked 
| 304|0x0000000093000000, 0x000000009308db58, 0x0000000093100000| 55%| S|CS|TAMS 0x0000000093000000, 0x0000000093000000| Complete 
| 305|0x0000000093100000, 0x0000000093200000, 0x0000000093200000|100%| S|CS|TAMS 0x0000000093100000, 0x0000000093100000| Complete 
| 306|0x0000000093200000, 0x0000000093300000, 0x0000000093300000|100%| S|CS|TAMS 0x0000000093200000, 0x0000000093200000| Complete 
| 307|0x0000000093300000, 0x0000000093400000, 0x0000000093400000|100%| S|CS|TAMS 0x0000000093300000, 0x0000000093300000| Complete 
| 308|0x0000000093400000, 0x0000000093500000, 0x0000000093500000|100%| S|CS|TAMS 0x0000000093400000, 0x0000000093400000| Complete 
| 309|0x0000000093500000, 0x0000000093600000, 0x0000000093600000|100%| S|CS|TAMS 0x0000000093500000, 0x0000000093500000| Complete 
| 310|0x0000000093600000, 0x0000000093700000, 0x0000000093700000|100%| S|CS|TAMS 0x0000000093600000, 0x0000000093600000| Complete 
| 311|0x0000000093700000, 0x0000000093700000, 0x0000000093800000|  0%| F|  |TAMS 0x0000000093700000, 0x0000000093700000| Untracked 
| 312|0x0000000093800000, 0x0000000093800000, 0x0000000093900000|  0%| F|  |TAMS 0x0000000093800000, 0x0000000093800000| Untracked 
| 313|0x0000000093900000, 0x0000000093900000, 0x0000000093a00000|  0%| F|  |TAMS 0x0000000093900000, 0x0000000093900000| Untracked 
| 314|0x0000000093a00000, 0x0000000093a00000, 0x0000000093b00000|  0%| F|  |TAMS 0x0000000093a00000, 0x0000000093a00000| Untracked 
| 315|0x0000000093b00000, 0x0000000093b00000, 0x0000000093c00000|  0%| F|  |TAMS 0x0000000093b00000, 0x0000000093b00000| Untracked 
| 316|0x0000000093c00000, 0x0000000093c00000, 0x0000000093d00000|  0%| F|  |TAMS 0x0000000093c00000, 0x0000000093c00000| Untracked 
| 317|0x0000000093d00000, 0x0000000093d00000, 0x0000000093e00000|  0%| F|  |TAMS 0x0000000093d00000, 0x0000000093d00000| Untracked 
| 318|0x0000000093e00000, 0x0000000093e00000, 0x0000000093f00000|  0%| F|  |TAMS 0x0000000093e00000, 0x0000000093e00000| Untracked 
| 319|0x0000000093f00000, 0x0000000093f00000, 0x0000000094000000|  0%| F|  |TAMS 0x0000000093f00000, 0x0000000093f00000| Untracked 
| 320|0x0000000094000000, 0x0000000094000000, 0x0000000094100000|  0%| F|  |TAMS 0x0000000094000000, 0x0000000094000000| Untracked 
| 321|0x0000000094100000, 0x0000000094100000, 0x0000000094200000|  0%| F|  |TAMS 0x0000000094100000, 0x0000000094100000| Untracked 
| 322|0x0000000094200000, 0x0000000094200000, 0x0000000094300000|  0%| F|  |TAMS 0x0000000094200000, 0x0000000094200000| Untracked 
| 323|0x0000000094300000, 0x0000000094300000, 0x0000000094400000|  0%| F|  |TAMS 0x0000000094300000, 0x0000000094300000| Untracked 
| 324|0x0000000094400000, 0x0000000094400000, 0x0000000094500000|  0%| F|  |TAMS 0x0000000094400000, 0x0000000094400000| Untracked 
| 325|0x0000000094500000, 0x0000000094500000, 0x0000000094600000|  0%| F|  |TAMS 0x0000000094500000, 0x0000000094500000| Untracked 
| 326|0x0000000094600000, 0x0000000094600000, 0x0000000094700000|  0%| F|  |TAMS 0x0000000094600000, 0x0000000094600000| Untracked 
| 327|0x0000000094700000, 0x0000000094700000, 0x0000000094800000|  0%| F|  |TAMS 0x0000000094700000, 0x0000000094700000| Untracked 
| 328|0x0000000094800000, 0x0000000094800000, 0x0000000094900000|  0%| F|  |TAMS 0x0000000094800000, 0x0000000094800000| Untracked 
| 329|0x0000000094900000, 0x0000000094900000, 0x0000000094a00000|  0%| F|  |TAMS 0x0000000094900000, 0x0000000094900000| Untracked 
| 330|0x0000000094a00000, 0x0000000094a00000, 0x0000000094b00000|  0%| F|  |TAMS 0x0000000094a00000, 0x0000000094a00000| Untracked 
| 331|0x0000000094b00000, 0x0000000094b00000, 0x0000000094c00000|  0%| F|  |TAMS 0x0000000094b00000, 0x0000000094b00000| Untracked 
| 332|0x0000000094c00000, 0x0000000094c00000, 0x0000000094d00000|  0%| F|  |TAMS 0x0000000094c00000, 0x0000000094c00000| Untracked 
| 333|0x0000000094d00000, 0x0000000094d00000, 0x0000000094e00000|  0%| F|  |TAMS 0x0000000094d00000, 0x0000000094d00000| Untracked 
| 334|0x0000000094e00000, 0x0000000094e00000, 0x0000000094f00000|  0%| F|  |TAMS 0x0000000094e00000, 0x0000000094e00000| Untracked 
| 335|0x0000000094f00000, 0x0000000094f00000, 0x0000000095000000|  0%| F|  |TAMS 0x0000000094f00000, 0x0000000094f00000| Untracked 
| 336|0x0000000095000000, 0x0000000095000000, 0x0000000095100000|  0%| F|  |TAMS 0x0000000095000000, 0x0000000095000000| Untracked 
| 337|0x0000000095100000, 0x0000000095100000, 0x0000000095200000|  0%| F|  |TAMS 0x0000000095100000, 0x0000000095100000| Untracked 
| 338|0x0000000095200000, 0x0000000095200000, 0x0000000095300000|  0%| F|  |TAMS 0x0000000095200000, 0x0000000095200000| Untracked 
| 339|0x0000000095300000, 0x0000000095300000, 0x0000000095400000|  0%| F|  |TAMS 0x0000000095300000, 0x0000000095300000| Untracked 
| 340|0x0000000095400000, 0x0000000095400000, 0x0000000095500000|  0%| F|  |TAMS 0x0000000095400000, 0x0000000095400000| Untracked 
| 341|0x0000000095500000, 0x0000000095500000, 0x0000000095600000|  0%| F|  |TAMS 0x0000000095500000, 0x0000000095500000| Untracked 
| 342|0x0000000095600000, 0x0000000095600000, 0x0000000095700000|  0%| F|  |TAMS 0x0000000095600000, 0x0000000095600000| Untracked 
| 343|0x0000000095700000, 0x0000000095700000, 0x0000000095800000|  0%| F|  |TAMS 0x0000000095700000, 0x0000000095700000| Untracked 
| 344|0x0000000095800000, 0x0000000095800000, 0x0000000095900000|  0%| F|  |TAMS 0x0000000095800000, 0x0000000095800000| Untracked 
| 345|0x0000000095900000, 0x0000000095900000, 0x0000000095a00000|  0%| F|  |TAMS 0x0000000095900000, 0x0000000095900000| Untracked 
| 346|0x0000000095a00000, 0x0000000095a00000, 0x0000000095b00000|  0%| F|  |TAMS 0x0000000095a00000, 0x0000000095a00000| Untracked 
| 347|0x0000000095b00000, 0x0000000095b00000, 0x0000000095c00000|  0%| F|  |TAMS 0x0000000095b00000, 0x0000000095b00000| Untracked 
| 348|0x0000000095c00000, 0x0000000095c00000, 0x0000000095d00000|  0%| F|  |TAMS 0x0000000095c00000, 0x0000000095c00000| Untracked 
| 349|0x0000000095d00000, 0x0000000095d00000, 0x0000000095e00000|  0%| F|  |TAMS 0x0000000095d00000, 0x0000000095d00000| Untracked 
| 350|0x0000000095e00000, 0x0000000095e00000, 0x0000000095f00000|  0%| F|  |TAMS 0x0000000095e00000, 0x0000000095e00000| Untracked 
| 351|0x0000000095f00000, 0x0000000095f00000, 0x0000000096000000|  0%| F|  |TAMS 0x0000000095f00000, 0x0000000095f00000| Untracked 
| 352|0x0000000096000000, 0x0000000096000000, 0x0000000096100000|  0%| F|  |TAMS 0x0000000096000000, 0x0000000096000000| Untracked 
| 353|0x0000000096100000, 0x0000000096100000, 0x0000000096200000|  0%| F|  |TAMS 0x0000000096100000, 0x0000000096100000| Untracked 
| 354|0x0000000096200000, 0x0000000096200000, 0x0000000096300000|  0%| F|  |TAMS 0x0000000096200000, 0x0000000096200000| Untracked 
| 355|0x0000000096300000, 0x0000000096300000, 0x0000000096400000|  0%| F|  |TAMS 0x0000000096300000, 0x0000000096300000| Untracked 
| 356|0x0000000096400000, 0x0000000096400000, 0x0000000096500000|  0%| F|  |TAMS 0x0000000096400000, 0x0000000096400000| Untracked 
| 357|0x0000000096500000, 0x0000000096500000, 0x0000000096600000|  0%| F|  |TAMS 0x0000000096500000, 0x0000000096500000| Untracked 
| 358|0x0000000096600000, 0x0000000096600000, 0x0000000096700000|  0%| F|  |TAMS 0x0000000096600000, 0x0000000096600000| Untracked 
| 359|0x0000000096700000, 0x0000000096700000, 0x0000000096800000|  0%| F|  |TAMS 0x0000000096700000, 0x0000000096700000| Untracked 
| 360|0x0000000096800000, 0x0000000096800000, 0x0000000096900000|  0%| F|  |TAMS 0x0000000096800000, 0x0000000096800000| Untracked 
| 361|0x0000000096900000, 0x0000000096900000, 0x0000000096a00000|  0%| F|  |TAMS 0x0000000096900000, 0x0000000096900000| Untracked 
| 362|0x0000000096a00000, 0x0000000096a00000, 0x0000000096b00000|  0%| F|  |TAMS 0x0000000096a00000, 0x0000000096a00000| Untracked 
| 363|0x0000000096b00000, 0x0000000096b00000, 0x0000000096c00000|  0%| F|  |TAMS 0x0000000096b00000, 0x0000000096b00000| Untracked 
| 364|0x0000000096c00000, 0x0000000096c00000, 0x0000000096d00000|  0%| F|  |TAMS 0x0000000096c00000, 0x0000000096c00000| Untracked 
| 365|0x0000000096d00000, 0x0000000096d00000, 0x0000000096e00000|  0%| F|  |TAMS 0x0000000096d00000, 0x0000000096d00000| Untracked 
| 366|0x0000000096e00000, 0x0000000096e00000, 0x0000000096f00000|  0%| F|  |TAMS 0x0000000096e00000, 0x0000000096e00000| Untracked 
| 367|0x0000000096f00000, 0x0000000096f00000, 0x0000000097000000|  0%| F|  |TAMS 0x0000000096f00000, 0x0000000096f00000| Untracked 
| 368|0x0000000097000000, 0x0000000097000000, 0x0000000097100000|  0%| F|  |TAMS 0x0000000097000000, 0x0000000097000000| Untracked 
| 369|0x0000000097100000, 0x0000000097100000, 0x0000000097200000|  0%| F|  |TAMS 0x0000000097100000, 0x0000000097100000| Untracked 
| 370|0x0000000097200000, 0x0000000097200000, 0x0000000097300000|  0%| F|  |TAMS 0x0000000097200000, 0x0000000097200000| Untracked 
| 371|0x0000000097300000, 0x0000000097300000, 0x0000000097400000|  0%| F|  |TAMS 0x0000000097300000, 0x0000000097300000| Untracked 
| 372|0x0000000097400000, 0x0000000097400000, 0x0000000097500000|  0%| F|  |TAMS 0x0000000097400000, 0x0000000097400000| Untracked 
| 373|0x0000000097500000, 0x0000000097500000, 0x0000000097600000|  0%| F|  |TAMS 0x0000000097500000, 0x0000000097500000| Untracked 
| 374|0x0000000097600000, 0x0000000097600000, 0x0000000097700000|  0%| F|  |TAMS 0x0000000097600000, 0x0000000097600000| Untracked 
| 375|0x0000000097700000, 0x0000000097700000, 0x0000000097800000|  0%| F|  |TAMS 0x0000000097700000, 0x0000000097700000| Untracked 
| 376|0x0000000097800000, 0x0000000097800000, 0x0000000097900000|  0%| F|  |TAMS 0x0000000097800000, 0x0000000097800000| Untracked 
| 377|0x0000000097900000, 0x0000000097900000, 0x0000000097a00000|  0%| F|  |TAMS 0x0000000097900000, 0x0000000097900000| Untracked 
| 378|0x0000000097a00000, 0x0000000097a00000, 0x0000000097b00000|  0%| F|  |TAMS 0x0000000097a00000, 0x0000000097a00000| Untracked 
| 379|0x0000000097b00000, 0x0000000097b00000, 0x0000000097c00000|  0%| F|  |TAMS 0x0000000097b00000, 0x0000000097b00000| Untracked 
| 380|0x0000000097c00000, 0x0000000097c00000, 0x0000000097d00000|  0%| F|  |TAMS 0x0000000097c00000, 0x0000000097c00000| Untracked 
| 381|0x0000000097d00000, 0x0000000097d00000, 0x0000000097e00000|  0%| F|  |TAMS 0x0000000097d00000, 0x0000000097d00000| Untracked 
| 382|0x0000000097e00000, 0x0000000097e00000, 0x0000000097f00000|  0%| F|  |TAMS 0x0000000097e00000, 0x0000000097e00000| Untracked 
| 383|0x0000000097f00000, 0x0000000097f00000, 0x0000000098000000|  0%| F|  |TAMS 0x0000000097f00000, 0x0000000097f00000| Untracked 
| 384|0x0000000098000000, 0x0000000098000000, 0x0000000098100000|  0%| F|  |TAMS 0x0000000098000000, 0x0000000098000000| Untracked 
| 385|0x0000000098100000, 0x0000000098100000, 0x0000000098200000|  0%| F|  |TAMS 0x0000000098100000, 0x0000000098100000| Untracked 
| 386|0x0000000098200000, 0x0000000098200000, 0x0000000098300000|  0%| F|  |TAMS 0x0000000098200000, 0x0000000098200000| Untracked 
| 387|0x0000000098300000, 0x0000000098300000, 0x0000000098400000|  0%| F|  |TAMS 0x0000000098300000, 0x0000000098300000| Untracked 
| 388|0x0000000098400000, 0x0000000098400000, 0x0000000098500000|  0%| F|  |TAMS 0x0000000098400000, 0x0000000098400000| Untracked 
| 389|0x0000000098500000, 0x0000000098500000, 0x0000000098600000|  0%| F|  |TAMS 0x0000000098500000, 0x0000000098500000| Untracked 
| 390|0x0000000098600000, 0x0000000098600000, 0x0000000098700000|  0%| F|  |TAMS 0x0000000098600000, 0x0000000098600000| Untracked 
| 391|0x0000000098700000, 0x0000000098700000, 0x0000000098800000|  0%| F|  |TAMS 0x0000000098700000, 0x0000000098700000| Untracked 
| 392|0x0000000098800000, 0x0000000098800000, 0x0000000098900000|  0%| F|  |TAMS 0x0000000098800000, 0x0000000098800000| Untracked 
| 393|0x0000000098900000, 0x0000000098900000, 0x0000000098a00000|  0%| F|  |TAMS 0x0000000098900000, 0x0000000098900000| Untracked 
| 394|0x0000000098a00000, 0x0000000098a00000, 0x0000000098b00000|  0%| F|  |TAMS 0x0000000098a00000, 0x0000000098a00000| Untracked 
| 395|0x0000000098b00000, 0x0000000098b00000, 0x0000000098c00000|  0%| F|  |TAMS 0x0000000098b00000, 0x0000000098b00000| Untracked 
| 396|0x0000000098c00000, 0x0000000098c00000, 0x0000000098d00000|  0%| F|  |TAMS 0x0000000098c00000, 0x0000000098c00000| Untracked 
| 397|0x0000000098d00000, 0x0000000098d00000, 0x0000000098e00000|  0%| F|  |TAMS 0x0000000098d00000, 0x0000000098d00000| Untracked 
| 398|0x0000000098e00000, 0x0000000098e00000, 0x0000000098f00000|  0%| F|  |TAMS 0x0000000098e00000, 0x0000000098e00000| Untracked 
| 399|0x0000000098f00000, 0x0000000098f00000, 0x0000000099000000|  0%| F|  |TAMS 0x0000000098f00000, 0x0000000098f00000| Untracked 
| 400|0x0000000099000000, 0x0000000099000000, 0x0000000099100000|  0%| F|  |TAMS 0x0000000099000000, 0x0000000099000000| Untracked 
| 401|0x0000000099100000, 0x0000000099100000, 0x0000000099200000|  0%| F|  |TAMS 0x0000000099100000, 0x0000000099100000| Untracked 
| 402|0x0000000099200000, 0x0000000099200000, 0x0000000099300000|  0%| F|  |TAMS 0x0000000099200000, 0x0000000099200000| Untracked 
| 403|0x0000000099300000, 0x0000000099300000, 0x0000000099400000|  0%| F|  |TAMS 0x0000000099300000, 0x0000000099300000| Untracked 
| 404|0x0000000099400000, 0x0000000099400000, 0x0000000099500000|  0%| F|  |TAMS 0x0000000099400000, 0x0000000099400000| Untracked 
| 405|0x0000000099500000, 0x0000000099500000, 0x0000000099600000|  0%| F|  |TAMS 0x0000000099500000, 0x0000000099500000| Untracked 
| 406|0x0000000099600000, 0x0000000099600000, 0x0000000099700000|  0%| F|  |TAMS 0x0000000099600000, 0x0000000099600000| Untracked 
| 407|0x0000000099700000, 0x0000000099700000, 0x0000000099800000|  0%| F|  |TAMS 0x0000000099700000, 0x0000000099700000| Untracked 
| 408|0x0000000099800000, 0x0000000099800000, 0x0000000099900000|  0%| F|  |TAMS 0x0000000099800000, 0x0000000099800000| Untracked 
| 409|0x0000000099900000, 0x0000000099900000, 0x0000000099a00000|  0%| F|  |TAMS 0x0000000099900000, 0x0000000099900000| Untracked 
| 410|0x0000000099a00000, 0x0000000099a00000, 0x0000000099b00000|  0%| F|  |TAMS 0x0000000099a00000, 0x0000000099a00000| Untracked 
| 411|0x0000000099b00000, 0x0000000099b00000, 0x0000000099c00000|  0%| F|  |TAMS 0x0000000099b00000, 0x0000000099b00000| Untracked 
| 412|0x0000000099c00000, 0x0000000099c00000, 0x0000000099d00000|  0%| F|  |TAMS 0x0000000099c00000, 0x0000000099c00000| Untracked 
| 413|0x0000000099d00000, 0x0000000099d00000, 0x0000000099e00000|  0%| F|  |TAMS 0x0000000099d00000, 0x0000000099d00000| Untracked 
| 414|0x0000000099e00000, 0x0000000099e00000, 0x0000000099f00000|  0%| F|  |TAMS 0x0000000099e00000, 0x0000000099e00000| Untracked 
| 415|0x0000000099f00000, 0x0000000099f00000, 0x000000009a000000|  0%| F|  |TAMS 0x0000000099f00000, 0x0000000099f00000| Untracked 
| 416|0x000000009a000000, 0x000000009a000000, 0x000000009a100000|  0%| F|  |TAMS 0x000000009a000000, 0x000000009a000000| Untracked 
| 417|0x000000009a100000, 0x000000009a100000, 0x000000009a200000|  0%| F|  |TAMS 0x000000009a100000, 0x000000009a100000| Untracked 
| 418|0x000000009a200000, 0x000000009a200000, 0x000000009a300000|  0%| F|  |TAMS 0x000000009a200000, 0x000000009a200000| Untracked 
| 419|0x000000009a300000, 0x000000009a300000, 0x000000009a400000|  0%| F|  |TAMS 0x000000009a300000, 0x000000009a300000| Untracked 
| 420|0x000000009a400000, 0x000000009a400000, 0x000000009a500000|  0%| F|  |TAMS 0x000000009a400000, 0x000000009a400000| Untracked 
| 421|0x000000009a500000, 0x000000009a500000, 0x000000009a600000|  0%| F|  |TAMS 0x000000009a500000, 0x000000009a500000| Untracked 
| 422|0x000000009a600000, 0x000000009a600000, 0x000000009a700000|  0%| F|  |TAMS 0x000000009a600000, 0x000000009a600000| Untracked 
| 423|0x000000009a700000, 0x000000009a700000, 0x000000009a800000|  0%| F|  |TAMS 0x000000009a700000, 0x000000009a700000| Untracked 
| 424|0x000000009a800000, 0x000000009a800000, 0x000000009a900000|  0%| F|  |TAMS 0x000000009a800000, 0x000000009a800000| Untracked 
| 425|0x000000009a900000, 0x000000009a900000, 0x000000009aa00000|  0%| F|  |TAMS 0x000000009a900000, 0x000000009a900000| Untracked 
| 426|0x000000009aa00000, 0x000000009aa00000, 0x000000009ab00000|  0%| F|  |TAMS 0x000000009aa00000, 0x000000009aa00000| Untracked 
| 427|0x000000009ab00000, 0x000000009ab00000, 0x000000009ac00000|  0%| F|  |TAMS 0x000000009ab00000, 0x000000009ab00000| Untracked 
| 428|0x000000009ac00000, 0x000000009ac00000, 0x000000009ad00000|  0%| F|  |TAMS 0x000000009ac00000, 0x000000009ac00000| Untracked 
| 429|0x000000009ad00000, 0x000000009ad00000, 0x000000009ae00000|  0%| F|  |TAMS 0x000000009ad00000, 0x000000009ad00000| Untracked 
| 430|0x000000009ae00000, 0x000000009ae00000, 0x000000009af00000|  0%| F|  |TAMS 0x000000009ae00000, 0x000000009ae00000| Untracked 
| 431|0x000000009af00000, 0x000000009af00000, 0x000000009b000000|  0%| F|  |TAMS 0x000000009af00000, 0x000000009af00000| Untracked 
| 432|0x000000009b000000, 0x000000009b000000, 0x000000009b100000|  0%| F|  |TAMS 0x000000009b000000, 0x000000009b000000| Untracked 
| 433|0x000000009b100000, 0x000000009b100000, 0x000000009b200000|  0%| F|  |TAMS 0x000000009b100000, 0x000000009b100000| Untracked 
| 434|0x000000009b200000, 0x000000009b200000, 0x000000009b300000|  0%| F|  |TAMS 0x000000009b200000, 0x000000009b200000| Untracked 
| 435|0x000000009b300000, 0x000000009b300000, 0x000000009b400000|  0%| F|  |TAMS 0x000000009b300000, 0x000000009b300000| Untracked 
| 436|0x000000009b400000, 0x000000009b400000, 0x000000009b500000|  0%| F|  |TAMS 0x000000009b400000, 0x000000009b400000| Untracked 
| 437|0x000000009b500000, 0x000000009b500000, 0x000000009b600000|  0%| F|  |TAMS 0x000000009b500000, 0x000000009b500000| Untracked 
| 438|0x000000009b600000, 0x000000009b600000, 0x000000009b700000|  0%| F|  |TAMS 0x000000009b600000, 0x000000009b600000| Untracked 
| 439|0x000000009b700000, 0x000000009b700000, 0x000000009b800000|  0%| F|  |TAMS 0x000000009b700000, 0x000000009b700000| Untracked 
| 440|0x000000009b800000, 0x000000009b800000, 0x000000009b900000|  0%| F|  |TAMS 0x000000009b800000, 0x000000009b800000| Untracked 
| 441|0x000000009b900000, 0x000000009b900000, 0x000000009ba00000|  0%| F|  |TAMS 0x000000009b900000, 0x000000009b900000| Untracked 
| 442|0x000000009ba00000, 0x000000009ba00000, 0x000000009bb00000|  0%| F|  |TAMS 0x000000009ba00000, 0x000000009ba00000| Untracked 
| 443|0x000000009bb00000, 0x000000009bb00000, 0x000000009bc00000|  0%| F|  |TAMS 0x000000009bb00000, 0x000000009bb00000| Untracked 
| 444|0x000000009bc00000, 0x000000009bc00000, 0x000000009bd00000|  0%| F|  |TAMS 0x000000009bc00000, 0x000000009bc00000| Untracked 
| 445|0x000000009bd00000, 0x000000009bd00000, 0x000000009be00000|  0%| F|  |TAMS 0x000000009bd00000, 0x000000009bd00000| Untracked 
| 446|0x000000009be00000, 0x000000009be00000, 0x000000009bf00000|  0%| F|  |TAMS 0x000000009be00000, 0x000000009be00000| Untracked 
| 447|0x000000009bf00000, 0x000000009bf00000, 0x000000009c000000|  0%| F|  |TAMS 0x000000009bf00000, 0x000000009bf00000| Untracked 
| 448|0x000000009c000000, 0x000000009c000000, 0x000000009c100000|  0%| F|  |TAMS 0x000000009c000000, 0x000000009c000000| Untracked 
| 449|0x000000009c100000, 0x000000009c100000, 0x000000009c200000|  0%| F|  |TAMS 0x000000009c100000, 0x000000009c100000| Untracked 
| 450|0x000000009c200000, 0x000000009c200000, 0x000000009c300000|  0%| F|  |TAMS 0x000000009c200000, 0x000000009c200000| Untracked 
| 451|0x000000009c300000, 0x000000009c300000, 0x000000009c400000|  0%| F|  |TAMS 0x000000009c300000, 0x000000009c300000| Untracked 
| 452|0x000000009c400000, 0x000000009c400000, 0x000000009c500000|  0%| F|  |TAMS 0x000000009c400000, 0x000000009c400000| Untracked 
| 453|0x000000009c500000, 0x000000009c500000, 0x000000009c600000|  0%| F|  |TAMS 0x000000009c500000, 0x000000009c500000| Untracked 
| 454|0x000000009c600000, 0x000000009c600000, 0x000000009c700000|  0%| F|  |TAMS 0x000000009c600000, 0x000000009c600000| Untracked 
| 455|0x000000009c700000, 0x000000009c700000, 0x000000009c800000|  0%| F|  |TAMS 0x000000009c700000, 0x000000009c700000| Untracked 
| 456|0x000000009c800000, 0x000000009c800000, 0x000000009c900000|  0%| F|  |TAMS 0x000000009c800000, 0x000000009c800000| Untracked 
| 457|0x000000009c900000, 0x000000009c900000, 0x000000009ca00000|  0%| F|  |TAMS 0x000000009c900000, 0x000000009c900000| Untracked 
| 458|0x000000009ca00000, 0x000000009ca00000, 0x000000009cb00000|  0%| F|  |TAMS 0x000000009ca00000, 0x000000009ca00000| Untracked 
| 459|0x000000009cb00000, 0x000000009cb00000, 0x000000009cc00000|  0%| F|  |TAMS 0x000000009cb00000, 0x000000009cb00000| Untracked 
| 460|0x000000009cc00000, 0x000000009cc00000, 0x000000009cd00000|  0%| F|  |TAMS 0x000000009cc00000, 0x000000009cc00000| Untracked 
| 461|0x000000009cd00000, 0x000000009cd00000, 0x000000009ce00000|  0%| F|  |TAMS 0x000000009cd00000, 0x000000009cd00000| Untracked 
| 462|0x000000009ce00000, 0x000000009ce00000, 0x000000009cf00000|  0%| F|  |TAMS 0x000000009ce00000, 0x000000009ce00000| Untracked 
| 463|0x000000009cf00000, 0x000000009cf00000, 0x000000009d000000|  0%| F|  |TAMS 0x000000009cf00000, 0x000000009cf00000| Untracked 
| 464|0x000000009d000000, 0x000000009d000000, 0x000000009d100000|  0%| F|  |TAMS 0x000000009d000000, 0x000000009d000000| Untracked 
| 465|0x000000009d100000, 0x000000009d100000, 0x000000009d200000|  0%| F|  |TAMS 0x000000009d100000, 0x000000009d100000| Untracked 
| 466|0x000000009d200000, 0x000000009d200000, 0x000000009d300000|  0%| F|  |TAMS 0x000000009d200000, 0x000000009d200000| Untracked 
| 467|0x000000009d300000, 0x000000009d300000, 0x000000009d400000|  0%| F|  |TAMS 0x000000009d300000, 0x000000009d300000| Untracked 
| 468|0x000000009d400000, 0x000000009d400000, 0x000000009d500000|  0%| F|  |TAMS 0x000000009d400000, 0x000000009d400000| Untracked 
| 469|0x000000009d500000, 0x000000009d500000, 0x000000009d600000|  0%| F|  |TAMS 0x000000009d500000, 0x000000009d500000| Untracked 
| 470|0x000000009d600000, 0x000000009d600000, 0x000000009d700000|  0%| F|  |TAMS 0x000000009d600000, 0x000000009d600000| Untracked 
| 471|0x000000009d700000, 0x000000009d700000, 0x000000009d800000|  0%| F|  |TAMS 0x000000009d700000, 0x000000009d700000| Untracked 
| 472|0x000000009d800000, 0x000000009d800000, 0x000000009d900000|  0%| F|  |TAMS 0x000000009d800000, 0x000000009d800000| Untracked 
| 473|0x000000009d900000, 0x000000009d900000, 0x000000009da00000|  0%| F|  |TAMS 0x000000009d900000, 0x000000009d900000| Untracked 
| 474|0x000000009da00000, 0x000000009da00000, 0x000000009db00000|  0%| F|  |TAMS 0x000000009da00000, 0x000000009da00000| Untracked 
| 475|0x000000009db00000, 0x000000009db00000, 0x000000009dc00000|  0%| F|  |TAMS 0x000000009db00000, 0x000000009db00000| Untracked 
| 476|0x000000009dc00000, 0x000000009dc00000, 0x000000009dd00000|  0%| F|  |TAMS 0x000000009dc00000, 0x000000009dc00000| Untracked 
| 477|0x000000009dd00000, 0x000000009dd00000, 0x000000009de00000|  0%| F|  |TAMS 0x000000009dd00000, 0x000000009dd00000| Untracked 
| 478|0x000000009de00000, 0x000000009de00000, 0x000000009df00000|  0%| F|  |TAMS 0x000000009de00000, 0x000000009de00000| Untracked 
| 479|0x000000009df00000, 0x000000009df00000, 0x000000009e000000|  0%| F|  |TAMS 0x000000009df00000, 0x000000009df00000| Untracked 
| 480|0x000000009e000000, 0x000000009e000000, 0x000000009e100000|  0%| F|  |TAMS 0x000000009e000000, 0x000000009e000000| Untracked 
| 481|0x000000009e100000, 0x000000009e100000, 0x000000009e200000|  0%| F|  |TAMS 0x000000009e100000, 0x000000009e100000| Untracked 
| 482|0x000000009e200000, 0x000000009e200000, 0x000000009e300000|  0%| F|  |TAMS 0x000000009e200000, 0x000000009e200000| Untracked 
| 483|0x000000009e300000, 0x000000009e300000, 0x000000009e400000|  0%| F|  |TAMS 0x000000009e300000, 0x000000009e300000| Untracked 
| 484|0x000000009e400000, 0x000000009e400000, 0x000000009e500000|  0%| F|  |TAMS 0x000000009e400000, 0x000000009e400000| Untracked 
| 485|0x000000009e500000, 0x000000009e500000, 0x000000009e600000|  0%| F|  |TAMS 0x000000009e500000, 0x000000009e500000| Untracked 
| 486|0x000000009e600000, 0x000000009e600000, 0x000000009e700000|  0%| F|  |TAMS 0x000000009e600000, 0x000000009e600000| Untracked 
| 487|0x000000009e700000, 0x000000009e700000, 0x000000009e800000|  0%| F|  |TAMS 0x000000009e700000, 0x000000009e700000| Untracked 
| 488|0x000000009e800000, 0x000000009e800000, 0x000000009e900000|  0%| F|  |TAMS 0x000000009e800000, 0x000000009e800000| Untracked 
| 489|0x000000009e900000, 0x000000009e900000, 0x000000009ea00000|  0%| F|  |TAMS 0x000000009e900000, 0x000000009e900000| Untracked 
| 490|0x000000009ea00000, 0x000000009ea00000, 0x000000009eb00000|  0%| F|  |TAMS 0x000000009ea00000, 0x000000009ea00000| Untracked 
| 491|0x000000009eb00000, 0x000000009eb00000, 0x000000009ec00000|  0%| F|  |TAMS 0x000000009eb00000, 0x000000009eb00000| Untracked 
| 492|0x000000009ec00000, 0x000000009ec00000, 0x000000009ed00000|  0%| F|  |TAMS 0x000000009ec00000, 0x000000009ec00000| Untracked 
| 493|0x000000009ed00000, 0x000000009ed00000, 0x000000009ee00000|  0%| F|  |TAMS 0x000000009ed00000, 0x000000009ed00000| Untracked 
| 494|0x000000009ee00000, 0x000000009ee00000, 0x000000009ef00000|  0%| F|  |TAMS 0x000000009ee00000, 0x000000009ee00000| Untracked 
| 495|0x000000009ef00000, 0x000000009ef00000, 0x000000009f000000|  0%| F|  |TAMS 0x000000009ef00000, 0x000000009ef00000| Untracked 
| 496|0x000000009f000000, 0x000000009f000000, 0x000000009f100000|  0%| F|  |TAMS 0x000000009f000000, 0x000000009f000000| Untracked 
| 497|0x000000009f100000, 0x000000009f100000, 0x000000009f200000|  0%| F|  |TAMS 0x000000009f100000, 0x000000009f100000| Untracked 
| 498|0x000000009f200000, 0x000000009f200000, 0x000000009f300000|  0%| F|  |TAMS 0x000000009f200000, 0x000000009f200000| Untracked 
| 499|0x000000009f300000, 0x000000009f300000, 0x000000009f400000|  0%| F|  |TAMS 0x000000009f300000, 0x000000009f300000| Untracked 
| 500|0x000000009f400000, 0x000000009f400000, 0x000000009f500000|  0%| F|  |TAMS 0x000000009f400000, 0x000000009f400000| Untracked 
| 501|0x000000009f500000, 0x000000009f500000, 0x000000009f600000|  0%| F|  |TAMS 0x000000009f500000, 0x000000009f500000| Untracked 
| 502|0x000000009f600000, 0x000000009f600000, 0x000000009f700000|  0%| F|  |TAMS 0x000000009f600000, 0x000000009f600000| Untracked 
| 503|0x000000009f700000, 0x000000009f700000, 0x000000009f800000|  0%| F|  |TAMS 0x000000009f700000, 0x000000009f700000| Untracked 
| 504|0x000000009f800000, 0x000000009f800000, 0x000000009f900000|  0%| F|  |TAMS 0x000000009f800000, 0x000000009f800000| Untracked 
| 505|0x000000009f900000, 0x000000009f900000, 0x000000009fa00000|  0%| F|  |TAMS 0x000000009f900000, 0x000000009f900000| Untracked 
| 506|0x000000009fa00000, 0x000000009fa00000, 0x000000009fb00000|  0%| F|  |TAMS 0x000000009fa00000, 0x000000009fa00000| Untracked 
| 507|0x000000009fb00000, 0x000000009fb00000, 0x000000009fc00000|  0%| F|  |TAMS 0x000000009fb00000, 0x000000009fb00000| Untracked 
| 508|0x000000009fc00000, 0x000000009fc00000, 0x000000009fd00000|  0%| F|  |TAMS 0x000000009fc00000, 0x000000009fc00000| Untracked 
| 509|0x000000009fd00000, 0x000000009fd00000, 0x000000009fe00000|  0%| F|  |TAMS 0x000000009fd00000, 0x000000009fd00000| Untracked 
| 510|0x000000009fe00000, 0x000000009fe00000, 0x000000009ff00000|  0%| F|  |TAMS 0x000000009fe00000, 0x000000009fe00000| Untracked 
| 511|0x000000009ff00000, 0x000000009ff00000, 0x00000000a0000000|  0%| F|  |TAMS 0x000000009ff00000, 0x000000009ff00000| Untracked 
| 512|0x00000000a0000000, 0x00000000a0000000, 0x00000000a0100000|  0%| F|  |TAMS 0x00000000a0000000, 0x00000000a0000000| Untracked 
| 513|0x00000000a0100000, 0x00000000a0100000, 0x00000000a0200000|  0%| F|  |TAMS 0x00000000a0100000, 0x00000000a0100000| Untracked 
| 514|0x00000000a0200000, 0x00000000a0200000, 0x00000000a0300000|  0%| F|  |TAMS 0x00000000a0200000, 0x00000000a0200000| Untracked 
| 515|0x00000000a0300000, 0x00000000a0300000, 0x00000000a0400000|  0%| F|  |TAMS 0x00000000a0300000, 0x00000000a0300000| Untracked 
| 516|0x00000000a0400000, 0x00000000a0400000, 0x00000000a0500000|  0%| F|  |TAMS 0x00000000a0400000, 0x00000000a0400000| Untracked 
| 517|0x00000000a0500000, 0x00000000a0500000, 0x00000000a0600000|  0%| F|  |TAMS 0x00000000a0500000, 0x00000000a0500000| Untracked 
| 518|0x00000000a0600000, 0x00000000a0600000, 0x00000000a0700000|  0%| F|  |TAMS 0x00000000a0600000, 0x00000000a0600000| Untracked 
| 519|0x00000000a0700000, 0x00000000a0700000, 0x00000000a0800000|  0%| F|  |TAMS 0x00000000a0700000, 0x00000000a0700000| Untracked 
| 520|0x00000000a0800000, 0x00000000a0800000, 0x00000000a0900000|  0%| F|  |TAMS 0x00000000a0800000, 0x00000000a0800000| Untracked 
| 521|0x00000000a0900000, 0x00000000a0900000, 0x00000000a0a00000|  0%| F|  |TAMS 0x00000000a0900000, 0x00000000a0900000| Untracked 
| 522|0x00000000a0a00000, 0x00000000a0a00000, 0x00000000a0b00000|  0%| F|  |TAMS 0x00000000a0a00000, 0x00000000a0a00000| Untracked 
| 523|0x00000000a0b00000, 0x00000000a0b00000, 0x00000000a0c00000|  0%| F|  |TAMS 0x00000000a0b00000, 0x00000000a0b00000| Untracked 
| 524|0x00000000a0c00000, 0x00000000a0c00000, 0x00000000a0d00000|  0%| F|  |TAMS 0x00000000a0c00000, 0x00000000a0c00000| Untracked 
| 525|0x00000000a0d00000, 0x00000000a0d00000, 0x00000000a0e00000|  0%| F|  |TAMS 0x00000000a0d00000, 0x00000000a0d00000| Untracked 
| 526|0x00000000a0e00000, 0x00000000a0e00000, 0x00000000a0f00000|  0%| F|  |TAMS 0x00000000a0e00000, 0x00000000a0e00000| Untracked 
|2046|0x00000000ffe00000, 0x00000000ffe75000, 0x00000000fff00000| 45%|OA|  |TAMS 0x00000000ffe75000, 0x00000000ffe00000| Untracked 
|2047|0x00000000fff00000, 0x00000000fff78000, 0x0000000100000000| 46%|CA|  |TAMS 0x00000000fff78000, 0x00000000fff00000| Untracked 

Card table byte_map: [0x00007fd8c4d11000,0x00007fd8c5111000] _byte_map_base: 0x00007fd8c4911000

Marking Bits (Prev, Next): (CMBitMap*) 0x00007fd8dc076080, (CMBitMap*) 0x00007fd8dc0760c0
 Prev Bits: [0x00007fd8c2911000, 0x00007fd8c4911000)
 Next Bits: [0x00007fd8c0911000, 0x00007fd8c2911000)

Polling page: 0x00007fd8e2101000

Metaspace:

Usage:
  Non-class:    130.85 MB used.
      Class:     19.55 MB used.
       Both:    150.41 MB used.

Virtual space:
  Non-class space:      192.00 MB reserved,     131.31 MB ( 68%) committed,  3 nodes.
      Class space:        1.00 GB reserved,      20.06 MB (  2%) committed,  1 nodes.
             Both:        1.19 GB reserved,     151.38 MB ( 12%) committed. 

Chunk freelists:
   Non-Class:  12.30 MB
       Class:  11.98 MB
        Both:  24.28 MB

MaxMetaspaceSize: unlimited
CompressedClassSpaceSize: 1.00 GB
Initial GC threshold: 21.00 MB
Current GC threshold: 250.75 MB
CDS: on
MetaspaceReclaimPolicy: balanced
 - commit_granule_bytes: 65536.
 - commit_granule_words: 8192.
 - virtual_space_node_default_size: 8388608.
 - enlarge_chunks_in_place: 1.
 - new_chunks_are_fully_committed: 0.
 - uncommit_free_chunks: 1.
 - use_allocation_guard: 0.
 - handle_deallocations: 1.


Internal statistics:

num_allocs_failed_limit: 30.
num_arena_births: 1580.
num_arena_deaths: 12.
num_vsnodes_births: 4.
num_vsnodes_deaths: 0.
num_space_committed: 2420.
num_space_uncommitted: 0.
num_chunks_returned_to_freelist: 55.
num_chunks_taken_from_freelist: 7855.
num_chunk_merges: 26.
num_chunk_splits: 5276.
num_chunks_enlarged: 3584.
num_inconsistent_stats: 0.

CodeHeap 'non-profiled nmethods': size=120036Kb used=15364Kb max_used=15364Kb free=104671Kb
 bounds [0x00007fd8ccfd8000, 0x00007fd8cdee8000, 0x00007fd8d4511000]
CodeHeap 'profiled nmethods': size=120032Kb used=53229Kb max_used=53229Kb free=66802Kb
 bounds [0x00007fd8c5511000, 0x00007fd8c8911000, 0x00007fd8cca49000]
CodeHeap 'non-nmethods': size=5692Kb used=2557Kb max_used=2680Kb free=3134Kb
 bounds [0x00007fd8cca49000, 0x00007fd8ccd29000, 0x00007fd8ccfd8000]
 total_blobs=26476 nmethods=25367 adapters=1019
 compilation: enabled
              stopped_count=0, restarted_count=0
 full_count=0

Compilation events (20 events):
Event: 218.795 Thread 0x00007fd8dc0e4a50 35832       2       com.android.tools.r8.graph.P4::a (52 bytes)
Event: 218.796 Thread 0x00007fd8dc0e4a50 nmethod 35832 0x00007fd8c8908b10 code [0x00007fd8c8908ce0, 0x00007fd8c8908ea0]
Event: 218.877 Thread 0x00007fd8dc0e4a50 35833       3       com.android.tools.r8.internal.k6$$Lambda$2427/0x00007fd865307658::test (8 bytes)
Event: 218.877 Thread 0x00007fd8dc0e4a50 nmethod 35833 0x00007fd8c8909090 code [0x00007fd8c8909260, 0x00007fd8c89096f0]
Event: 218.954 Thread 0x00007fd8dc0e4a50 35834       3       com.android.tools.r8.ir.regalloc.b$$Lambda$2527/0x00007fd86534c2f0::compare (16 bytes)
Event: 218.954 Thread 0x00007fd8dc0e4a50 nmethod 35834 0x00007fd8c8909810 code [0x00007fd8c89099c0, 0x00007fd8c8909ce0]
Event: 218.954 Thread 0x00007fd8dc0e4a50 35835       3       com.android.tools.r8.ir.regalloc.b::a (66 bytes)
Event: 218.955 Thread 0x00007fd8dc0e4a50 nmethod 35835 0x00007fd8c8909e10 code [0x00007fd8c8909fe0, 0x00007fd8c890a310]
Event: 219.005 Thread 0x00007fd8dc0e4a50 35836       3       com.android.tools.r8.internal.xI::a (95 bytes)
Event: 219.005 Thread 0x00007fd8dc0e4a50 nmethod 35836 0x00007fd8c890a410 code [0x00007fd8c890a620, 0x00007fd8c890ae00]
Event: 219.066 Thread 0x00007fd8dc0e4a50 35837       2       com.android.tools.r8.androidapi.c::a (350 bytes)
Event: 219.068 Thread 0x00007fd8dc0e4a50 nmethod 35837 0x00007fd8c890b010 code [0x00007fd8c890b420, 0x00007fd8c890c450]
Event: 219.262 Thread 0x00007fd8dc0e4a50 35839       3       com.android.tools.r8.internal.r0::a (77 bytes)
Event: 219.263 Thread 0x00007fd8dc0e4a50 nmethod 35839 0x00007fd8c890d110 code [0x00007fd8c890d320, 0x00007fd8c890da00]
Event: 219.267 Thread 0x00007fd8dc0e4a50 35840       1       com.android.tools.r8.internal.xt::b2 (2 bytes)
Event: 219.267 Thread 0x00007fd8dc0e4a50 nmethod 35840 0x00007fd8cdd8c790 code [0x00007fd8cdd8c920, 0x00007fd8cdd8c9f0]
Event: 219.481 Thread 0x00007fd8dc0e4a50 35841       3       com.android.tools.r8.internal.mb$$Lambda$2353/0x00007fd8652ae470::apply (16 bytes)
Event: 219.481 Thread 0x00007fd8dc0e4a50 nmethod 35841 0x00007fd8c890dc10 code [0x00007fd8c890ddc0, 0x00007fd8c890e000]
Event: 219.591 Thread 0x00007fd8dc0e4a50 35842       3       com.android.tools.r8.dex.code.E0::<init> (40 bytes)
Event: 219.592 Thread 0x00007fd8dc0e4a50 nmethod 35842 0x00007fd8c890e110 code [0x00007fd8c890e2c0, 0x00007fd8c890e4f0]

GC Heap History (20 events):
Event: 174.182 GC heap after
{Heap after GC invocations=116 (full 0):
 garbage-first heap   total 541696K, used 165492K [0x0000000080000000, 0x0000000100000000)
  region size 1024K, 18 young (18432K), 18 survivors (18432K)
 Metaspace       used 149350K, committed 150336K, reserved 1179648K
  class space    used 19440K, committed 19968K, reserved 1048576K
}
Event: 183.674 GC heap before
{Heap before GC invocations=117 (full 0):
 garbage-first heap   total 541696K, used 469620K [0x0000000080000000, 0x0000000100000000)
  region size 1024K, 312 young (319488K), 18 survivors (18432K)
 Metaspace       used 153048K, committed 153984K, reserved 1245184K
  class space    used 19985K, committed 20480K, reserved 1048576K
}
Event: 183.784 GC heap after
{Heap after GC invocations=118 (full 0):
 garbage-first heap   total 541696K, used 168153K [0x0000000080000000, 0x0000000100000000)
  region size 1024K, 20 young (20480K), 20 survivors (20480K)
 Metaspace       used 153048K, committed 153984K, reserved 1245184K
  class space    used 19985K, committed 20480K, reserved 1048576K
}
Event: 183.896 GC heap before
{Heap before GC invocations=118 (full 0):
 garbage-first heap   total 541696K, used 174297K [0x0000000080000000, 0x0000000100000000)
  region size 1024K, 26 young (26624K), 20 survivors (20480K)
 Metaspace       used 153048K, committed 153984K, reserved 1245184K
  class space    used 19985K, committed 20480K, reserved 1048576K
}
Event: 184.075 GC heap after
{Heap after GC invocations=119 (full 0):
 garbage-first heap   total 541696K, used 164050K [0x0000000080000000, 0x0000000100000000)
  region size 1024K, 1 young (1024K), 1 survivors (1024K)
 Metaspace       used 153048K, committed 153984K, reserved 1245184K
  class space    used 19985K, committed 20480K, reserved 1048576K
}
Event: 189.079 GC heap before
{Heap before GC invocations=119 (full 0):
 garbage-first heap   total 541696K, used 463058K [0x0000000080000000, 0x0000000100000000)
  region size 1024K, 293 young (300032K), 1 survivors (1024K)
 Metaspace       used 153059K, committed 154048K, reserved 1245184K
  class space    used 19985K, committed 20480K, reserved 1048576K
}
Event: 189.093 GC heap after
{Heap after GC invocations=120 (full 0):
 garbage-first heap   total 541696K, used 165536K [0x0000000080000000, 0x0000000100000000)
  region size 1024K, 2 young (2048K), 2 survivors (2048K)
 Metaspace       used 153059K, committed 154048K, reserved 1245184K
  class space    used 19985K, committed 20480K, reserved 1048576K
}
Event: 196.273 GC heap before
{Heap before GC invocations=121 (full 0):
 garbage-first heap   total 541696K, used 474784K [0x0000000080000000, 0x0000000100000000)
  region size 1024K, 297 young (304128K), 2 survivors (2048K)
 Metaspace       used 153577K, committed 154560K, reserved 1245184K
  class space    used 20012K, committed 20544K, reserved 1048576K
}
Event: 196.357 GC heap after
{Heap after GC invocations=122 (full 0):
 garbage-first heap   total 541696K, used 173698K [0x0000000080000000, 0x0000000100000000)
  region size 1024K, 10 young (10240K), 10 survivors (10240K)
 Metaspace       used 153577K, committed 154560K, reserved 1245184K
  class space    used 20012K, committed 20544K, reserved 1048576K
}
Event: 196.693 GC heap before
{Heap before GC invocations=122 (full 0):
 garbage-first heap   total 541696K, used 190082K [0x0000000080000000, 0x0000000100000000)
  region size 1024K, 26 young (26624K), 10 survivors (10240K)
 Metaspace       used 153577K, committed 154560K, reserved 1245184K
  class space    used 20012K, committed 20544K, reserved 1048576K
}
Event: 196.783 GC heap after
{Heap after GC invocations=123 (full 0):
 garbage-first heap   total 541696K, used 170359K [0x0000000080000000, 0x0000000100000000)
  region size 1024K, 1 young (1024K), 1 survivors (1024K)
 Metaspace       used 153577K, committed 154560K, reserved 1245184K
  class space    used 20012K, committed 20544K, reserved 1048576K
}
Event: 202.577 GC heap before
{Heap before GC invocations=123 (full 0):
 garbage-first heap   total 541696K, used 464247K [0x0000000080000000, 0x0000000100000000)
  region size 1024K, 285 young (291840K), 1 survivors (1024K)
 Metaspace       used 153780K, committed 154752K, reserved 1245184K
  class space    used 20020K, committed 20544K, reserved 1048576K
}
Event: 202.677 GC heap after
{Heap after GC invocations=124 (full 0):
 garbage-first heap   total 541696K, used 183045K [0x0000000080000000, 0x0000000100000000)
  region size 1024K, 14 young (14336K), 14 survivors (14336K)
 Metaspace       used 153780K, committed 154752K, reserved 1245184K
  class space    used 20020K, committed 20544K, reserved 1048576K
}
Event: 208.793 GC heap before
{Heap before GC invocations=124 (full 0):
 garbage-first heap   total 541696K, used 457477K [0x0000000080000000, 0x0000000100000000)
  region size 1024K, 279 young (285696K), 14 survivors (14336K)
 Metaspace       used 153972K, committed 154944K, reserved 1245184K
  class space    used 20022K, committed 20544K, reserved 1048576K
}
Event: 208.866 GC heap after
{Heap after GC invocations=125 (full 0):
 garbage-first heap   total 541696K, used 183159K [0x0000000080000000, 0x0000000100000000)
  region size 1024K, 14 young (14336K), 14 survivors (14336K)
 Metaspace       used 153972K, committed 154944K, reserved 1245184K
  class space    used 20022K, committed 20544K, reserved 1048576K
}
Event: 213.292 GC heap before
{Heap before GC invocations=125 (full 0):
 garbage-first heap   total 541696K, used 448375K [0x0000000080000000, 0x0000000100000000)
  region size 1024K, 273 young (279552K), 14 survivors (14336K)
 Metaspace       used 153993K, committed 154944K, reserved 1245184K
  class space    used 20023K, committed 20544K, reserved 1048576K
}
Event: 213.695 GC heap after
{Heap after GC invocations=126 (full 0):
 garbage-first heap   total 541696K, used 219635K [0x0000000080000000, 0x0000000100000000)
  region size 1024K, 35 young (35840K), 35 survivors (35840K)
 Metaspace       used 153993K, committed 154944K, reserved 1245184K
  class space    used 20023K, committed 20544K, reserved 1048576K
}
Event: 215.665 GC heap before
{Heap before GC invocations=126 (full 0):
 garbage-first heap   total 541696K, used 293363K [0x0000000080000000, 0x0000000100000000)
  region size 1024K, 107 young (109568K), 35 survivors (35840K)
 Metaspace       used 153999K, committed 154944K, reserved 1245184K
  class space    used 20023K, committed 20544K, reserved 1048576K
}
Event: 215.901 GC heap after
{Heap after GC invocations=127 (full 0):
 garbage-first heap   total 541696K, used 224180K [0x0000000080000000, 0x0000000100000000)
  region size 1024K, 5 young (5120K), 5 survivors (5120K)
 Metaspace       used 153999K, committed 154944K, reserved 1245184K
  class space    used 20023K, committed 20544K, reserved 1048576K
}
Event: 219.688 GC heap before
{Heap before GC invocations=127 (full 0):
 garbage-first heap   total 541696K, used 440244K [0x0000000080000000, 0x0000000100000000)
  region size 1024K, 216 young (221184K), 5 survivors (5120K)
 Metaspace       used 154018K, committed 155008K, reserved 1245184K
  class space    used 20023K, committed 20544K, reserved 1048576K
}

Dll operation events (16 events):
Event: 0.002 Loaded shared library /usr/lib/jvm/java-17-openjdk-amd64/lib/libjava.so
Event: 0.068 Loaded shared library /usr/lib/jvm/java-17-openjdk-amd64/lib/libjsvml.so
Event: 0.105 Loaded shared library /usr/lib/jvm/java-17-openjdk-amd64/lib/libzip.so
Event: 0.155 Loaded shared library /usr/lib/jvm/java-17-openjdk-amd64/lib/libinstrument.so
Event: 0.157 Loaded shared library /usr/lib/jvm/java-17-openjdk-amd64/lib/libnio.so
Event: 0.160 Loaded shared library /usr/lib/jvm/java-17-openjdk-amd64/lib/libzip.so
Event: 0.279 Loaded shared library /usr/lib/jvm/java-17-openjdk-amd64/lib/libjimage.so
Event: 0.385 Loaded shared library /usr/lib/jvm/java-17-openjdk-amd64/lib/libverify.so
Event: 0.654 Loaded shared library /usr/lib/jvm/java-17-openjdk-amd64/lib/libnet.so
Event: 0.656 Loaded shared library /root/.gradle/native/68d5fa5c4cc2d200863cafc0d521ce42e7d3e7ee720ec0a83991735586a16f82/linux-amd64/libnative-platform.so
Event: 0.668 Loaded shared library /root/.gradle/native/e376f236ea51e6404a007f0833ffe2c6e607c4080706a723a18a27aeea778392/linux-amd64/libnative-platform-file-events.so
Event: 1.458 Loaded shared library /usr/lib/jvm/java-17-openjdk-amd64/lib/libmanagement.so
Event: 1.460 Loaded shared library /usr/lib/jvm/java-17-openjdk-amd64/lib/libmanagement_ext.so
Event: 1.775 Loaded shared library /usr/lib/jvm/java-17-openjdk-amd64/lib/libextnet.so
Event: 149.702 Loaded shared library /tmp/native-platform15268780620408093386dir/libnative-platform.so
Event: 151.768 Loaded shared library /usr/lib/jvm/java-17-openjdk-amd64/lib/librmi.so

Deoptimization events (20 events):
Event: 218.675 Thread 0x00007fd8ac00f870 DEOPT PACKING pc=0x00007fd8cddecd58 sp=0x00007fd8617ddb10
Event: 218.675 Thread 0x00007fd8ac00f870 DEOPT UNPACKING pc=0x00007fd8ccaa2b19 sp=0x00007fd8617dd9f8 mode 2
Event: 218.785 Thread 0x00007fd8ac00f870 DEOPT PACKING pc=0x00007fd8c7d4c904 sp=0x00007fd8617dcbd0
Event: 218.785 Thread 0x00007fd8ac00f870 DEOPT UNPACKING pc=0x00007fd8ccaa364f sp=0x00007fd8617dc478 mode 0
Event: 218.882 Thread 0x00007fd8ac00f870 DEOPT PACKING pc=0x00007fd8c7d4ceff sp=0x00007fd8617dcbd0
Event: 218.882 Thread 0x00007fd8ac00f870 DEOPT UNPACKING pc=0x00007fd8ccaa364f sp=0x00007fd8617dc470 mode 0
Event: 218.896 Thread 0x00007fd8ac00f870 Uncommon trap: trap_request=0xffffff45 fr.pc=0x00007fd8cde82574 relative=0x0000000000006d94
Event: 218.896 Thread 0x00007fd8ac00f870 Uncommon trap: reason=unstable_if action=reinterpret pc=0x00007fd8cde82574 method=com.android.tools.r8.ir.regalloc.b.c(IZ)I @ 1136 c2
Event: 218.896 Thread 0x00007fd8ac00f870 DEOPT PACKING pc=0x00007fd8cde82574 sp=0x00007fd8617dcfc0
Event: 218.896 Thread 0x00007fd8ac00f870 DEOPT UNPACKING pc=0x00007fd8ccaa2b19 sp=0x00007fd8617dcf88 mode 2
Event: 218.898 Thread 0x00007fd8ac00f870 Uncommon trap: trap_request=0xffffff45 fr.pc=0x00007fd8cde5523c relative=0x00000000000071fc
Event: 218.898 Thread 0x00007fd8ac00f870 Uncommon trap: reason=unstable_if action=reinterpret pc=0x00007fd8cde5523c method=com.android.tools.r8.ir.regalloc.b.c(IZ)I @ 1136 c2
Event: 218.898 Thread 0x00007fd8ac00f870 DEOPT PACKING pc=0x00007fd8cde5523c sp=0x00007fd8617dcf60
Event: 218.898 Thread 0x00007fd8ac00f870 DEOPT UNPACKING pc=0x00007fd8ccaa2b19 sp=0x00007fd8617dcf88 mode 2
Event: 218.957 Thread 0x00007fd8ac00f870 Uncommon trap: trap_request=0xffffff45 fr.pc=0x00007fd8cda0b1fc relative=0x0000000000000d1c
Event: 218.957 Thread 0x00007fd8ac00f870 Uncommon trap: reason=unstable_if action=reinterpret pc=0x00007fd8cda0b1fc method=java.util.HashMap.removeNode(ILjava/lang/Object;Ljava/lang/Object;ZZ)Ljava/util/HashMap$Node; @ 71 c2
Event: 218.957 Thread 0x00007fd8ac00f870 DEOPT PACKING pc=0x00007fd8cda0b1fc sp=0x00007fd8617dca40
Event: 218.957 Thread 0x00007fd8ac00f870 DEOPT UNPACKING pc=0x00007fd8ccaa2b19 sp=0x00007fd8617dc968 mode 2
Event: 219.083 Thread 0x00007fd8ac00f870 DEOPT PACKING pc=0x00007fd8c8550297 sp=0x00007fd8617dcf10
Event: 219.083 Thread 0x00007fd8ac00f870 DEOPT UNPACKING pc=0x00007fd8ccaa364f sp=0x00007fd8617dc490 mode 0

Classes loaded (20 events):
Event: 160.959 Loading class java/util/stream/SliceOps
Event: 160.959 Loading class java/util/stream/SliceOps done
Event: 160.959 Loading class java/util/stream/SliceOps$1
Event: 160.960 Loading class java/util/stream/SliceOps$1 done
Event: 160.964 Loading class java/util/stream/SliceOps$1$1
Event: 160.964 Loading class java/util/stream/SliceOps$1$1 done
Event: 160.975 Loading class java/util/PriorityQueue
Event: 160.976 Loading class java/util/PriorityQueue done
Event: 160.984 Loading class java/util/IdentityHashMap$ValueIterator
Event: 160.984 Loading class java/util/IdentityHashMap$ValueIterator done
Event: 161.685 Loading class java/util/AbstractList$SubList
Event: 161.685 Loading class java/util/AbstractList$SubList done
Event: 161.685 Loading class java/util/AbstractList$SubList$1
Event: 161.685 Loading class java/util/AbstractList$SubList$1 done
Event: 173.662 Loading class java/util/IdentityHashMap$EntrySet
Event: 173.663 Loading class java/util/IdentityHashMap$EntrySet done
Event: 178.455 Loading class java/nio/ShortBuffer
Event: 178.456 Loading class java/nio/ShortBuffer done
Event: 178.699 Loading class java/nio/ByteBufferAsShortBufferL
Event: 178.700 Loading class java/nio/ByteBufferAsShortBufferL done

Classes unloaded (20 events):
Event: 90.568 Thread 0x00007fd8dc0d31f0 Unloading class 0x00007fd8647a1000 '_BuildScript_$_run_closure1$_closure3'
Event: 90.568 Thread 0x00007fd8dc0d31f0 Unloading class 0x00007fd8647a0400 '_BuildScript_$_run_closure1'
Event: 90.568 Thread 0x00007fd8dc0d31f0 Unloading class 0x00007fd8647a0800 '_BuildScript_'
Event: 90.568 Thread 0x00007fd8dc0d31f0 Unloading class 0x00007fd8645d0400 '_BuildScript_$_run_closure1'
Event: 90.568 Thread 0x00007fd8dc0d31f0 Unloading class 0x00007fd8645d0800 '_BuildScript_'
Event: 90.568 Thread 0x00007fd8dc0d31f0 Unloading class 0x00007fd86454c928 '_BuildScript_$_run_closure1$_closure2'
Event: 90.568 Thread 0x00007fd8dc0d31f0 Unloading class 0x00007fd86454c538 '_BuildScript_$_run_closure1'
Event: 90.568 Thread 0x00007fd8dc0d31f0 Unloading class 0x00007fd86454c000 '_BuildScript_'
Event: 175.297 Thread 0x00007fd8dc0d31f0 Unloading class 0x00007fd864acefc0 '_BuildScript_$_run_closure2'
Event: 175.297 Thread 0x00007fd8dc0d31f0 Unloading class 0x00007fd864acebd0 '_BuildScript_$_run_closure1$_closure9'
Event: 175.297 Thread 0x00007fd8dc0d31f0 Unloading class 0x00007fd864ace7e0 '_BuildScript_$_run_closure1$_closure8'
Event: 175.297 Thread 0x00007fd8dc0d31f0 Unloading class 0x00007fd864ace3f0 '_BuildScript_$_run_closure1$_closure7'
Event: 175.297 Thread 0x00007fd8dc0d31f0 Unloading class 0x00007fd864ace000 '_BuildScript_$_run_closure1$_closure6'
Event: 175.297 Thread 0x00007fd8dc0d31f0 Unloading class 0x00007fd864acdbd0 '_BuildScript_$_run_closure1$_closure5$_closure11'
Event: 175.297 Thread 0x00007fd8dc0d31f0 Unloading class 0x00007fd864acd7e0 '_BuildScript_$_run_closure1$_closure5'
Event: 175.297 Thread 0x00007fd8dc0d31f0 Unloading class 0x00007fd864acd3f0 '_BuildScript_$_run_closure1$_closure4$_closure10'
Event: 175.297 Thread 0x00007fd8dc0d31f0 Unloading class 0x00007fd864acd000 '_BuildScript_$_run_closure1$_closure4'
Event: 175.297 Thread 0x00007fd8dc0d31f0 Unloading class 0x00007fd864acc930 '_BuildScript_$_run_closure1$_closure3'
Event: 175.297 Thread 0x00007fd8dc0d31f0 Unloading class 0x00007fd864acc540 '_BuildScript_$_run_closure1'
Event: 175.297 Thread 0x00007fd8dc0d31f0 Unloading class 0x00007fd864acc000 '_BuildScript_'

Classes redefined (0 events):
No events

Internal exceptions (20 events):
Event: 162.095 Thread 0x00007fd8ac00f870 Exception <a 'java/lang/NoSuchMethodError'{0x0000000099281340}: 'int java.lang.invoke.DirectMethodHandle$Holder.invokeSpecial(java.lang.Object, java.lang.Object, int)'> (0x0000000099281340) 
thrown [./src/hotspot/share/interpreter/linkResolver.cpp, line 758]
Event: 163.077 Thread 0x00007fd8ac00f870 Exception <a 'java/lang/NoSuchMethodError'{0x000000009882a440}: 'void java.lang.invoke.DirectMethodHandle$Holder.invokeStatic(java.lang.Object, java.lang.Object, java.lang.Object, java.lang.Object, java.lang.Object, java.lang.Object, java.lang.Object)'> (0x000000009882a440) 
thrown [./src/hotspot/share/interpreter/linkResolver.cpp, line 758]
Event: 164.501 Thread 0x00007fd8ac00f870 Exception <a 'java/lang/NoSuchMethodError'{0x00000000974f7578}: 'int java.lang.invoke.DirectMethodHandle$Holder.invokeInterface(java.lang.Object, java.lang.Object, int)'> (0x00000000974f7578) 
thrown [./src/hotspot/share/interpreter/linkResolver.cpp, line 758]
Event: 165.581 Thread 0x00007fd8ac00f870 Exception <a 'java/lang/IncompatibleClassChangeError'{0x00000000964d2760}: Found class java.lang.Object, but interface was expected> (0x00000000964d2760) 
thrown [./src/hotspot/share/interpreter/linkResolver.cpp, line 826]
Event: 165.654 Thread 0x00007fd8ac00f870 Exception <a 'java/lang/NoSuchMethodError'{0x00000000964eb7d8}: 'void java.lang.invoke.DirectMethodHandle$Holder.invokeSpecialIFC(java.lang.Object, java.lang.Object, java.lang.Object, java.lang.Object)'> (0x00000000964eb7d8) 
thrown [./src/hotspot/share/interpreter/linkResolver.cpp, line 758]
Event: 167.177 Thread 0x00007fd8ac00f870 Exception <a 'java/lang/NoSuchMethodError'{0x000000009488f418}: 'java.lang.Object java.lang.invoke.DirectMethodHandle$Holder.invokeInterface(java.lang.Object, java.lang.Object, int)'> (0x000000009488f418) 
thrown [./src/hotspot/share/interpreter/linkResolver.cpp, line 758]
Event: 173.799 Thread 0x00007fd8ac00f870 Implicit null exception at 0x00007fd8cdd5c7cc to 0x00007fd8cdd5c8f0
Event: 174.062 Thread 0x00007fd8ac00f870 Exception <a 'java/lang/NoSuchMethodError'{0x000000009c42efa8}: 'java.lang.Object java.lang.invoke.DirectMethodHandle$Holder.newInvokeSpecial(java.lang.Object, java.lang.Object, int, java.lang.Object, java.lang.Object, java.lang.Object)'> (0x000000009c42efa8) 
thrown [./src/hotspot/share/interpreter/linkResolver.cpp, line 758]
Event: 174.195 Thread 0x00007fd8ac00f870 Exception <a 'java/lang/NoSuchMethodError'{0x00000000a0e83b98}: 'java.lang.Object java.lang.invoke.Invokers$Holder.linkToTargetMethod(java.lang.Object, int, java.lang.Object, java.lang.Object, java.lang.Object, java.lang.Object)'> (0x00000000a0e83b98) 
thrown [./src/hotspot/share/interpreter/linkResolver.cpp, line 758]
Event: 174.197 Thread 0x00007fd8ac00f870 Exception <a 'java/lang/NoSuchMethodError'{0x00000000a0ea0610}: 'java.lang.Object java.lang.invoke.DirectMethodHandle$Holder.newInvokeSpecial(java.lang.Object, int, java.lang.Object, java.lang.Object)'> (0x00000000a0ea0610) 
thrown [./src/hotspot/share/interpreter/linkResolver.cpp, line 758]
Event: 174.197 Thread 0x00007fd8ac00f870 Exception <a 'java/lang/NoSuchMethodError'{0x00000000a0ea5660}: 'java.lang.Object java.lang.invoke.DirectMethodHandle$Holder.invokeSpecial(java.lang.Object, java.lang.Object, int, java.lang.Object, java.lang.Object)'> (0x00000000a0ea5660) 
thrown [./src/hotspot/share/interpreter/linkResolver.cpp, line 758]
Event: 174.203 Thread 0x00007fd8ac00f870 Exception <a 'java/lang/NoSuchMethodError'{0x00000000a0ecc7f0}: 'void java.lang.invoke.DirectMethodHandle$Holder.invokeSpecial(java.lang.Object, java.lang.Object, java.lang.Object, int, java.lang.Object, java.lang.Object, java.lang.Object, java.lang.Object)'> (0x00000000a0ecc7f0) 
thrown [./src/hotspot/share/interpreter/linkResolver.cpp, line 758]
Event: 174.271 Thread 0x00007fd8ac00f870 Exception <a 'java/lang/NoSuchMethodError'{0x00000000a0d53bb0}: 'void java.lang.invoke.DirectMethodHandle$Holder.invokeStatic(java.lang.Object, java.lang.Object, java.lang.Object, java.lang.Object, java.lang.Object, java.lang.Object, java.lang.Object, java.lang.Object)'> (0x00000000a0d53bb0) 
thrown [./src/hotspot/share/interpreter/linkResolver.cpp, line 758]
Event: 175.001 Thread 0x00007fd8ac00f870 Exception <a 'java/lang/ClassCastException'{0x00000000a02f7068}: class kotlin.reflect.jvm.internal.ReflectionFactoryImpl cannot be cast to class com.android.tools.r8.internal.MS (kotlin.reflect.jvm.internal.ReflectionFactoryImpl is in unnamed module of loader org.gradle.internal.classloader.VisitableURLClassLoader @7e774085; com.android.tools.r8.internal.MS is in unnamed module of loader org.gradle.internal.classloader.VisitableURLClassLoader$InstrumentingVisitableURLClassLoader @df8b4aa)> (0x00000000a02f7
Event: 178.269 Thread 0x00007fd8ac00f870 Exception <a 'java/lang/IncompatibleClassChangeError'{0x000000009dbf4560}: Found class java.lang.Object, but interface was expected> (0x000000009dbf4560) 
thrown [./src/hotspot/share/interpreter/linkResolver.cpp, line 826]
Event: 179.090 Thread 0x00007fd8ac00f870 Exception <a 'sun/nio/fs/UnixException'{0x000000009d27c458}> (0x000000009d27c458) 
thrown [./src/hotspot/share/prims/jni.cpp, line 516]
Event: 191.456 Thread 0x00007fd8ac00f870 Exception <a 'sun/nio/fs/UnixException'{0x000000009d3aae80}> (0x000000009d3aae80) 
thrown [./src/hotspot/share/prims/jni.cpp, line 516]
Event: 193.378 Thread 0x00007fd8ac00f870 Exception <a 'sun/nio/fs/UnixException'{0x0000000098eb0aa0}> (0x0000000098eb0aa0) 
thrown [./src/hotspot/share/prims/jni.cpp, line 516]
Event: 198.872 Thread 0x00007fd8ac00f870 Exception <a 'sun/nio/fs/UnixException'{0x000000009ac42e48}> (0x000000009ac42e48) 
thrown [./src/hotspot/share/prims/jni.cpp, line 516]
Event: 208.679 Thread 0x00007fd8ac00f870 Exception <a 'sun/nio/fs/UnixException'{0x000000009355dad8}> (0x000000009355dad8) 
thrown [./src/hotspot/share/prims/jni.cpp, line 516]

VM Operations (20 events):
Event: 208.866 Executing VM operation: G1CollectForAllocation done
Event: 210.866 Executing VM operation: Cleanup
Event: 210.867 Executing VM operation: Cleanup done
Event: 211.867 Executing VM operation: Cleanup
Event: 211.868 Executing VM operation: Cleanup done
Event: 212.868 Executing VM operation: Cleanup
Event: 212.871 Executing VM operation: Cleanup done
Event: 213.292 Executing VM operation: G1CollectForAllocation
Event: 213.695 Executing VM operation: G1CollectForAllocation done
Event: 214.695 Executing VM operation: Cleanup
Event: 214.696 Executing VM operation: Cleanup done
Event: 215.665 Executing VM operation: G1CollectForAllocation
Event: 215.901 Executing VM operation: G1CollectForAllocation done
Event: 216.901 Executing VM operation: Cleanup
Event: 216.901 Executing VM operation: Cleanup done
Event: 217.901 Executing VM operation: Cleanup
Event: 217.902 Executing VM operation: Cleanup done
Event: 218.902 Executing VM operation: Cleanup
Event: 218.902 Executing VM operation: Cleanup done
Event: 219.688 Executing VM operation: G1CollectForAllocation

Memory protections (20 events):
Event: 116.237 Protecting memory [0x00007fd862f00000,0x00007fd862f04000] with protection modes 0
Event: 116.309 Protecting memory [0x00007fd8625f7000,0x00007fd8625fb000] with protection modes 0
Event: 116.483 Protecting memory [0x00007fd860cde000,0x00007fd860ce2000] with protection modes 0
Event: 122.674 Protecting memory [0x00007fd862bfd000,0x00007fd862c01000] with protection modes 0
Event: 122.770 Protecting memory [0x00007fd860fe1000,0x00007fd860fe5000] with protection modes 0
Event: 125.570 Protecting memory [0x00007fd860bdd000,0x00007fd860be1000] with protection modes 0
Event: 125.780 Protecting memory [0x00007fd860adc000,0x00007fd860ae0000] with protection modes 0
Event: 128.084 Protecting memory [0x00007fd8609db000,0x00007fd8609df000] with protection modes 0
Event: 130.065 Protecting memory [0x00007fd8608da000,0x00007fd8608de000] with protection modes 0
Event: 130.077 Protecting memory [0x00007fd8c0027000,0x00007fd8c002b000] with protection modes 0
Event: 130.081 Protecting memory [0x00007fd8607d9000,0x00007fd8607dd000] with protection modes 0
Event: 130.082 Protecting memory [0x00007fd8606d8000,0x00007fd8606dc000] with protection modes 0
Event: 149.801 Protecting memory [0x00007fd8c0004000,0x00007fd8c0008000] with protection modes 0
Event: 149.864 Protecting memory [0x00007fd860300000,0x00007fd860304000] with protection modes 0
Event: 151.765 Protecting memory [0x00007fd860300000,0x00007fd860304000] with protection modes 0
Event: 151.768 Protecting memory [0x00007fd8601ff000,0x00007fd860203000] with protection modes 0
Event: 151.771 Protecting memory [0x00007fd8600fe000,0x00007fd860102000] with protection modes 0
Event: 151.994 Protecting memory [0x00007fd837f00000,0x00007fd837f04000] with protection modes 0
Event: 151.995 Protecting memory [0x00007fd837dff000,0x00007fd837e03000] with protection modes 0
Event: 152.266 Protecting memory [0x00007fd837cfe000,0x00007fd837d02000] with protection modes 0

Nmethod flushes (20 events):
Event: 203.396 Thread 0x00007fd8dc0e5ec0 flushing  nmethod 0x00007fd8c8588890
Event: 203.396 Thread 0x00007fd8dc0e5ec0 flushing  nmethod 0x00007fd8c8589010
Event: 203.396 Thread 0x00007fd8dc0e5ec0 flushing  nmethod 0x00007fd8c858e110
Event: 203.396 Thread 0x00007fd8dc0e5ec0 flushing  nmethod 0x00007fd8c858f390
Event: 203.455 Thread 0x00007fd8dc0e5ec0 flushing  nmethod 0x00007fd8c85adf90
Event: 203.456 Thread 0x00007fd8dc0e5ec0 flushing  nmethod 0x00007fd8c869d590
Event: 203.456 Thread 0x00007fd8dc0e5ec0 flushing  nmethod 0x00007fd8c86c4f90
Event: 203.456 Thread 0x00007fd8dc0e5ec0 flushing  nmethod 0x00007fd8c86c5390
Event: 203.456 Thread 0x00007fd8dc0e5ec0 flushing  nmethod 0x00007fd8c86c5790
Event: 203.456 Thread 0x00007fd8dc0e5ec0 flushing  nmethod 0x00007fd8c86c5b90
Event: 203.456 Thread 0x00007fd8dc0e5ec0 flushing  nmethod 0x00007fd8c86c6490
Event: 203.456 Thread 0x00007fd8dc0e5ec0 flushing  nmethod 0x00007fd8c86c6a10
Event: 203.456 Thread 0x00007fd8dc0e5ec0 flushing  nmethod 0x00007fd8c86c7090
Event: 203.456 Thread 0x00007fd8dc0e5ec0 flushing  nmethod 0x00007fd8c86c7a10
Event: 203.456 Thread 0x00007fd8dc0e5ec0 flushing  nmethod 0x00007fd8c86c8410
Event: 203.456 Thread 0x00007fd8dc0e5ec0 flushing  nmethod 0x00007fd8c86e1410
Event: 203.456 Thread 0x00007fd8dc0e5ec0 flushing  nmethod 0x00007fd8c86e1910
Event: 203.456 Thread 0x00007fd8dc0e5ec0 flushing  nmethod 0x00007fd8c86e1e10
Event: 203.456 Thread 0x00007fd8dc0e5ec0 flushing  nmethod 0x00007fd8c86e2a10
Event: 203.456 Thread 0x00007fd8dc0e5ec0 flushing  nmethod 0x00007fd8c86e3490

Events (20 events):
Event: 116.481 Thread 0x00007fd8a6b9b760 Thread added: 0x00007fd8ac06af80
Event: 122.673 Thread 0x00007fd8a6b9b760 Thread added: 0x00007fd8ac08ea80
Event: 122.763 Thread 0x00007fd8ac00f870 Thread added: 0x00007fd8b8014620
Event: 125.560 Thread 0x00007fd8a6b9b760 Thread added: 0x00007fd8ac0525a0
Event: 125.772 Thread 0x00007fd8ac00f870 Thread added: 0x00007fd8b80420c0
Event: 128.084 Thread 0x00007fd8a6b9b760 Thread added: 0x00007fd8ac0df9a0
Event: 130.061 Thread 0x00007fd8a6b9b760 Thread added: 0x00007fd8ac0c83a0
Event: 130.077 Thread 0x00007fd8a6b9b760 Thread added: 0x00007fd8ac1f6600
Event: 130.081 Thread 0x00007fd8a6b9b760 Thread added: 0x00007fd8ac1f82e0
Event: 130.081 Thread 0x00007fd8a6b9b760 Thread added: 0x00007fd8ac1f9820
Event: 149.796 Thread 0x00007fd8ac08ea80 Thread added: 0x00007fd8bc156c00
Event: 149.863 Thread 0x00007fd8ac08ea80 Thread added: 0x00007fd8bc157710
Event: 151.485 Thread 0x00007fd8bc157710 Thread exited: 0x00007fd8bc157710
Event: 151.759 Thread 0x00007fd8ac08ea80 Thread added: 0x00007fd8bc175fb0
Event: 151.767 Thread 0x00007fd8ac08ea80 Thread added: 0x00007fd8bc17d1f0
Event: 151.770 Thread 0x00007fd8ac08ea80 Thread added: 0x00007fd8bc17efd0
Event: 151.993 Thread 0x00007fd8ac08ea80 Thread added: 0x00007fd8bc1b6be0
Event: 151.995 Thread 0x00007fd8ac08ea80 Thread added: 0x00007fd8bc1b7ce0
Event: 152.265 Thread 0x00007fd8bc1b6be0 Thread added: 0x00007fd8b8083950
Event: 154.880 Thread 0x00007fd8a63cc0b0 Thread exited: 0x00007fd8a63cc0b0


Dynamic libraries:
80000000-a0f00000 rw-p 00000000 00:00 0 
c0200000-ffe00000 ---p 00000000 00:00 0 
ffe00000-ffe75000 rw-p 00c7a000 00:25 13853                              /usr/lib/jvm/java-17-openjdk-amd64/lib/server/classes.jsa
ffe75000-fff00000 rw-p 00000000 00:00 0 
fff00000-fff78000 rw-p 00c02000 00:25 13853                              /usr/lib/jvm/java-17-openjdk-amd64/lib/server/classes.jsa
fff78000-100000000 rw-p 00000000 00:00 0 
55cc8d3f7000-55cc8d3f8000 r--p 00000000 00:25 13495                      /usr/lib/jvm/java-17-openjdk-amd64/bin/java
55cc8d3f8000-55cc8d3f9000 r-xp 00001000 00:25 13495                      /usr/lib/jvm/java-17-openjdk-amd64/bin/java
55cc8d3f9000-55cc8d3fa000 r--p 00002000 00:25 13495                      /usr/lib/jvm/java-17-openjdk-amd64/bin/java
55cc8d3fa000-55cc8d3fb000 r--p 00002000 00:25 13495                      /usr/lib/jvm/java-17-openjdk-amd64/bin/java
55cc8d3fb000-55cc8d3fc000 rw-p 00003000 00:25 13495                      /usr/lib/jvm/java-17-openjdk-amd64/bin/java
55cc8e7fd000-55cc8e8d2000 rw-p 00000000 00:00 0                          [heap]
7fd833000000-7fd8333c0000 rw-p 00000000 00:00 0 
7fd8333c0000-7fd837000000 ---p 00000000 00:00 0 
7fd837cfd000-7fd837cfe000 ---p 00000000 00:00 0 
7fd837cfe000-7fd837d02000 ---p 00000000 00:00 0 
7fd837d02000-7fd837dfe000 rw-p 00000000 00:00 0 
7fd837dfe000-7fd837dff000 ---p 00000000 00:00 0 
7fd837dff000-7fd837e03000 ---p 00000000 00:00 0 
7fd837e03000-7fd837eff000 rw-p 00000000 00:00 0 
7fd837eff000-7fd837f00000 ---p 00000000 00:00 0 
7fd837f00000-7fd837f04000 ---p 00000000 00:00 0 
7fd837f04000-7fd838900000 rw-p 00000000 00:00 0 
7fd838900000-7fd838a00000 rw-p 00000000 00:00 0 
7fd838a00000-7fd839d00000 rw-p 00000000 00:00 0 
7fd839d00000-7fd839e00000 rw-p 00000000 00:00 0 
7fd839e00000-7fd839f00000 rw-p 00000000 00:00 0 
7fd839f00000-7fd83a000000 rw-p 00000000 00:00 0 
7fd83a000000-7fd83a400000 rw-p 00000000 00:00 0 
7fd83a400000-7fd83a500000 rw-p 00000000 00:00 0 
7fd83a500000-7fd83a600000 rw-p 00000000 00:00 0 
7fd83a600000-7fd83b1c0000 rw-p 00000000 00:00 0 
7fd83b1c0000-7fd83b200000 rw-p 00000000 00:00 0 
7fd83b200000-7fd83bf80000 rw-p 00000000 00:00 0 
7fd83bf80000-7fd83bf90000 rw-p 00000000 00:00 0 
7fd83bf90000-7fd83c000000 ---p 00000000 00:00 0 
7fd83c000000-7fd83d7ac000 rw-p 00000000 00:00 0 
7fd83d7ac000-7fd840000000 ---p 00000000 00:00 0 
7fd840000000-7fd840078000 rw-p 00000000 00:00 0 
7fd840078000-7fd844000000 ---p 00000000 00:00 0 
7fd844000000-7fd844074000 rw-p 00000000 00:00 0 
7fd844074000-7fd848000000 ---p 00000000 00:00 0 
7fd848000000-7fd84bef7000 rw-p 00000000 00:00 0 
7fd84bef7000-7fd84c000000 ---p 00000000 00:00 0 
7fd84c000000-7fd84c037000 rw-p 00000000 00:00 0 
7fd84c037000-7fd850000000 ---p 00000000 00:00 0 
7fd850000000-7fd8500ba000 rw-p 00000000 00:00 0 
7fd8500ba000-7fd854000000 ---p 00000000 00:00 0 
7fd854000000-7fd854137000 rw-p 00000000 00:00 0 
7fd854137000-7fd858000000 ---p 00000000 00:00 0 
7fd858000000-7fd85803e000 rw-p 00000000 00:00 0 
7fd85803e000-7fd85c000000 ---p 00000000 00:00 0 
7fd85c000000-7fd85c563000 rw-p 00000000 00:00 0 
7fd85c563000-7fd860000000 ---p 00000000 00:00 0 
7fd8600fd000-7fd8600fe000 ---p 00000000 00:00 0 
7fd8600fe000-7fd860102000 ---p 00000000 00:00 0 
7fd860102000-7fd8601fe000 rw-p 00000000 00:00 0 
7fd8601fe000-7fd8601ff000 ---p 00000000 00:00 0 
7fd8601ff000-7fd860203000 ---p 00000000 00:00 0 
7fd860203000-7fd8602ff000 rw-p 00000000 00:00 0 
7fd8602ff000-7fd860300000 ---p 00000000 00:00 0 
7fd860300000-7fd860304000 ---p 00000000 00:00 0 
7fd860304000-7fd860400000 rw-p 00000000 00:00 0 
7fd860400000-7fd860405000 r-xp 00000000 fe:00 539657                     /tmp/native-platform15268780620408093386dir/libnative-platform.so
7fd860405000-7fd860604000 ---p 00005000 fe:00 539657                     /tmp/native-platform15268780620408093386dir/libnative-platform.so
7fd860604000-7fd860605000 rw-p 00004000 fe:00 539657                     /tmp/native-platform15268780620408093386dir/libnative-platform.so
7fd8606d7000-7fd8606d8000 ---p 00000000 00:00 0 
7fd8606d8000-7fd8606dc000 ---p 00000000 00:00 0 
7fd8606dc000-7fd8607d8000 rw-p 00000000 00:00 0 
7fd8607d8000-7fd8607d9000 ---p 00000000 00:00 0 
7fd8607d9000-7fd8607dd000 ---p 00000000 00:00 0 
7fd8607dd000-7fd8608d9000 rw-p 00000000 00:00 0 
7fd8608d9000-7fd8608da000 ---p 00000000 00:00 0 
7fd8608da000-7fd8608de000 ---p 00000000 00:00 0 
7fd8608de000-7fd8609da000 rw-p 00000000 00:00 0 
7fd8609da000-7fd8609db000 ---p 00000000 00:00 0 
7fd8609db000-7fd8609df000 ---p 00000000 00:00 0 
7fd8609df000-7fd860adb000 rw-p 00000000 00:00 0 
7fd860adb000-7fd860adc000 ---p 00000000 00:00 0 
7fd860adc000-7fd860ae0000 ---p 00000000 00:00 0 
7fd860ae0000-7fd860bdc000 rw-p 00000000 00:00 0 
7fd860bdc000-7fd860bdd000 ---p 00000000 00:00 0 
7fd860bdd000-7fd860be1000 ---p 00000000 00:00 0 
7fd860be1000-7fd860cdd000 rw-p 00000000 00:00 0 
7fd860cdd000-7fd860cde000 ---p 00000000 00:00 0 
7fd860cde000-7fd860ce2000 ---p 00000000 00:00 0 
7fd860ce2000-7fd860dde000 rw-p 00000000 00:00 0 
7fd860dde000-7fd860ddf000 ---p 00000000 00:00 0 
7fd860ddf000-7fd860de3000 ---p 00000000 00:00 0 
7fd860de3000-7fd860edf000 rw-p 00000000 00:00 0 
7fd860edf000-7fd860ee0000 ---p 00000000 00:00 0 
7fd860ee0000-7fd860ee4000 ---p 00000000 00:00 0 
7fd860ee4000-7fd860fe0000 rw-p 00000000 00:00 0 
7fd860fe0000-7fd860fe1000 ---p 00000000 00:00 0 
7fd860fe1000-7fd860fe5000 ---p 00000000 00:00 0 
7fd860fe5000-7fd8610e1000 rw-p 00000000 00:00 0 
7fd8610e1000-7fd8610e2000 ---p 00000000 00:00 0 
7fd8610e2000-7fd8610e6000 ---p 00000000 00:00 0 
7fd8610e6000-7fd8611e2000 rw-p 00000000 00:00 0 
7fd8611e2000-7fd8611e3000 ---p 00000000 00:00 0 
7fd8611e3000-7fd8611e7000 ---p 00000000 00:00 0 
7fd8611e7000-7fd8612e3000 rw-p 00000000 00:00 0 
7fd8612e3000-7fd8612e4000 ---p 00000000 00:00 0 
7fd8612e4000-7fd8612e8000 ---p 00000000 00:00 0 
7fd8612e8000-7fd8613e4000 rw-p 00000000 00:00 0 
7fd8613e4000-7fd8613e5000 ---p 00000000 00:00 0 
7fd8613e5000-7fd8613e9000 ---p 00000000 00:00 0 
7fd8613e9000-7fd8614e5000 rw-p 00000000 00:00 0 
7fd8614e5000-7fd8614e6000 ---p 00000000 00:00 0 
7fd8614e6000-7fd8614ea000 ---p 00000000 00:00 0 
7fd8614ea000-7fd8615e6000 rw-p 00000000 00:00 0 
7fd8615e6000-7fd8615e7000 ---p 00000000 00:00 0 
7fd8615e7000-7fd8615eb000 ---p 00000000 00:00 0 
7fd8615eb000-7fd8616e7000 rw-p 00000000 00:00 0 
7fd8616e7000-7fd8616e8000 ---p 00000000 00:00 0 
7fd8616e8000-7fd8616ec000 ---p 00000000 00:00 0 
7fd8616ec000-7fd8617e8000 rw-p 00000000 00:00 0 
7fd8617e8000-7fd8617e9000 ---p 00000000 00:00 0 
7fd8617e9000-7fd8617ed000 ---p 00000000 00:00 0 
7fd8617ed000-7fd8618e9000 rw-p 00000000 00:00 0 
7fd8618e9000-7fd8618ea000 ---p 00000000 00:00 0 
7fd8618ea000-7fd8618ee000 ---p 00000000 00:00 0 
7fd8618ee000-7fd8619ea000 rw-p 00000000 00:00 0 
7fd8619ea000-7fd8619eb000 ---p 00000000 00:00 0 
7fd8619eb000-7fd8619ef000 ---p 00000000 00:00 0 
7fd8619ef000-7fd861aeb000 rw-p 00000000 00:00 0 
7fd861aeb000-7fd861aec000 ---p 00000000 00:00 0 
7fd861aec000-7fd861af0000 ---p 00000000 00:00 0 
7fd861af0000-7fd861bec000 rw-p 00000000 00:00 0 
7fd861bec000-7fd861bed000 ---p 00000000 00:00 0 
7fd861bed000-7fd861bf1000 ---p 00000000 00:00 0 
7fd861bf1000-7fd861ced000 rw-p 00000000 00:00 0 
7fd861ced000-7fd861cee000 ---p 00000000 00:00 0 
7fd861cee000-7fd861cf2000 ---p 00000000 00:00 0 
7fd861cf2000-7fd861dee000 rw-p 00000000 00:00 0 
7fd861dee000-7fd861def000 ---p 00000000 00:00 0 
7fd861def000-7fd861df3000 ---p 00000000 00:00 0 
7fd861df3000-7fd861eef000 rw-p 00000000 00:00 0 
7fd861eef000-7fd861ef0000 ---p 00000000 00:00 0 
7fd861ef0000-7fd861ef4000 ---p 00000000 00:00 0 
7fd861ef4000-7fd861ff0000 rw-p 00000000 00:00 0 
7fd861ff0000-7fd861ff1000 ---p 00000000 00:00 0 
7fd861ff1000-7fd861ff5000 ---p 00000000 00:00 0 
7fd861ff5000-7fd8620f1000 rw-p 00000000 00:00 0 
7fd8620f1000-7fd8620f2000 ---p 00000000 00:00 0 
7fd8620f2000-7fd8620f6000 ---p 00000000 00:00 0 
7fd8620f6000-7fd8621f2000 rw-p 00000000 00:00 0 
7fd8621f2000-7fd8621f3000 ---p 00000000 00:00 0 
7fd8621f3000-7fd8621f7000 ---p 00000000 00:00 0 
7fd8621f7000-7fd8622f3000 rw-p 00000000 00:00 0 
7fd8622f3000-7fd8622f4000 ---p 00000000 00:00 0 
7fd8622f4000-7fd8622f8000 ---p 00000000 00:00 0 
7fd8622f8000-7fd8623f4000 rw-p 00000000 00:00 0 
7fd8623f4000-7fd8623f5000 ---p 00000000 00:00 0 
7fd8623f5000-7fd8623f9000 ---p 00000000 00:00 0 
7fd8623f9000-7fd8624f5000 rw-p 00000000 00:00 0 
7fd8624f5000-7fd8624f6000 ---p 00000000 00:00 0 
7fd8624f6000-7fd8624fa000 ---p 00000000 00:00 0 
7fd8624fa000-7fd8625f6000 rw-p 00000000 00:00 0 
7fd8625f6000-7fd8625f7000 ---p 00000000 00:00 0 
7fd8625f7000-7fd8625fb000 ---p 00000000 00:00 0 
7fd8625fb000-7fd8626f7000 rw-p 00000000 00:00 0 
7fd8626f7000-7fd8626f8000 ---p 00000000 00:00 0 
7fd8626f8000-7fd8626fc000 ---p 00000000 00:00 0 
7fd8626fc000-7fd8627f8000 rw-p 00000000 00:00 0 
7fd8627f8000-7fd8627f9000 ---p 00000000 00:00 0 
7fd8627f9000-7fd8627fd000 ---p 00000000 00:00 0 
7fd8627fd000-7fd8628f9000 rw-p 00000000 00:00 0 
7fd8628f9000-7fd8628fa000 ---p 00000000 00:00 0 
7fd8628fa000-7fd8628fe000 ---p 00000000 00:00 0 
7fd8628fe000-7fd8629fa000 rw-p 00000000 00:00 0 
7fd8629fa000-7fd8629fb000 ---p 00000000 00:00 0 
7fd8629fb000-7fd862afb000 rw-p 00000000 00:00 0 
7fd862afb000-7fd862afc000 ---p 00000000 00:00 0 
7fd862afc000-7fd862b00000 ---p 00000000 00:00 0 
7fd862b00000-7fd862bfc000 rw-p 00000000 00:00 0 
7fd862bfc000-7fd862bfd000 ---p 00000000 00:00 0 
7fd862bfd000-7fd862c01000 ---p 00000000 00:00 0 
7fd862c01000-7fd862cfd000 rw-p 00000000 00:00 0 
7fd862cfd000-7fd862cfe000 ---p 00000000 00:00 0 
7fd862cfe000-7fd862d02000 ---p 00000000 00:00 0 
7fd862d02000-7fd862dfe000 rw-p 00000000 00:00 0 
7fd862dfe000-7fd862dff000 ---p 00000000 00:00 0 
7fd862dff000-7fd862e03000 ---p 00000000 00:00 0 
7fd862e03000-7fd862eff000 rw-p 00000000 00:00 0 
7fd862eff000-7fd862f00000 ---p 00000000 00:00 0 
7fd862f00000-7fd862f04000 ---p 00000000 00:00 0 
7fd862f04000-7fd863000000 rw-p 00000000 00:00 0 
7fd863000000-7fd863455000 rw-p 00001000 00:25 13853                      /usr/lib/jvm/java-17-openjdk-amd64/lib/server/classes.jsa
7fd863455000-7fd863bca000 rw-p 00456000 00:25 13853                      /usr/lib/jvm/java-17-openjdk-amd64/lib/server/classes.jsa
7fd863bca000-7fd864000000 ---p 00000000 00:00 0 
7fd864000000-7fd864040000 rw-p 00000000 00:00 0 
7fd864040000-7fd864080000 rw-p 00000000 00:00 0 
7fd864080000-7fd864140000 rw-p 00000000 00:00 0 
7fd864140000-7fd8643e0000 rw-p 00000000 00:00 0 
7fd8643e0000-7fd864640000 rw-p 00000000 00:00 0 
7fd864640000-7fd8646c0000 rw-p 00000000 00:00 0 
7fd8646c0000-7fd864740000 rw-p 00000000 00:00 0 
7fd864740000-7fd8649c0000 rw-p 00000000 00:00 0 
7fd8649c0000-7fd864f40000 rw-p 00000000 00:00 0 
7fd864f40000-7fd865410000 rw-p 00000000 00:00 0 
7fd865410000-7fd8a4000000 ---p 00000000 00:00 0 
7fd8a4000000-7fd8a6ba9000 rw-p 00000000 00:00 0 
7fd8a6ba9000-7fd8a8000000 ---p 00000000 00:00 0 
7fd8a8000000-7fd8a8400000 rw-p 00000000 00:00 0 
7fd8a8400000-7fd8a8900000 rw-p 00000000 00:00 0 
7fd8a8900000-7fd8a8a00000 rw-p 00000000 00:00 0 
7fd8a8a00000-7fd8a9500000 rw-p 00000000 00:00 0 
7fd8a9500000-7fd8a9600000 rw-p 00000000 00:00 0 
7fd8a9600000-7fd8a9700000 rw-p 00000000 00:00 0 
7fd8a9700000-7fd8a9800000 rw-p 00000000 00:00 0 
7fd8a9800000-7fd8a9b00000 rw-p 00000000 00:00 0 
7fd8a9b00000-7fd8a9c00000 rw-p 00000000 00:00 0 
7fd8a9c00000-7fd8aa700000 rw-p 00000000 00:00 0 
7fd8aa700000-7fd8aa740000 rw-p 00000000 00:00 0 
7fd8aa740000-7fd8aa780000 rw-p 00000000 00:00 0 
7fd8aa780000-7fd8aa900000 rw-p 00000000 00:00 0 
7fd8aa900000-7fd8aab00000 rw-p 00000000 00:00 0 
7fd8aab00000-7fd8aab80000 rw-p 00000000 00:00 0 
7fd8aab80000-7fd8aad00000 rw-p 00000000 00:00 0 
7fd8aad00000-7fd8aadc0000 rw-p 00000000 00:00 0 
7fd8aadc0000-7fd8aae00000 rw-p 00000000 00:00 0 
7fd8aae00000-7fd8aaf00000 rw-p 00000000 00:00 0 
7fd8aaf00000-7fd8ab000000 rw-p 00000000 00:00 0 
7fd8ab000000-7fd8ab180000 rw-p 00000000 00:00 0 
7fd8ab180000-7fd8ab200000 rw-p 00000000 00:00 0 
7fd8ab200000-7fd8ab980000 rw-p 00000000 00:00 0 
7fd8ab980000-7fd8aba00000 rw-p 00000000 00:00 0 
7fd8aba00000-7fd8abf00000 rw-p 00000000 00:00 0 
7fd8abf00000-7fd8ac000000 rw-p 00000000 00:00 0 
7fd8ac000000-7fd8ac3c5000 rw-p 00000000 00:00 0 
7fd8ac3c5000-7fd8b0000000 ---p 00000000 00:00 0 
7fd8b00f3000-7fd8b00f4000 ---p 00000000 00:00 0 
7fd8b00f4000-7fd8b00f8000 ---p 00000000 00:00 0 
7fd8b00f8000-7fd8b01f4000 rw-p 00000000 00:00 0 
7fd8b01f4000-7fd8b01f5000 ---p 00000000 00:00 0 
7fd8b01f5000-7fd8b01f9000 ---p 00000000 00:00 0 
7fd8b01f9000-7fd8b02f5000 rw-p 00000000 00:00 0 
7fd8b02f5000-7fd8b02f6000 ---p 00000000 00:00 0 
7fd8b02f6000-7fd8b02fa000 ---p 00000000 00:00 0 
7fd8b02fa000-7fd8b03f6000 rw-p 00000000 00:00 0 
7fd8b03f6000-7fd8b03f7000 ---p 00000000 00:00 0 
7fd8b03f7000-7fd8b03fb000 ---p 00000000 00:00 0 
7fd8b03fb000-7fd8b04f7000 rw-p 00000000 00:00 0 
7fd8b04f7000-7fd8b04f8000 ---p 00000000 00:00 0 
7fd8b04f8000-7fd8b04fc000 ---p 00000000 00:00 0 
7fd8b04fc000-7fd8b05f8000 rw-p 00000000 00:00 0 
7fd8b05f8000-7fd8b05f9000 ---p 00000000 00:00 0 
7fd8b05f9000-7fd8b05fd000 ---p 00000000 00:00 0 
7fd8b05fd000-7fd8b06f9000 rw-p 00000000 00:00 0 
7fd8b06f9000-7fd8b06fa000 ---p 00000000 00:00 0 
7fd8b06fa000-7fd8b06fe000 ---p 00000000 00:00 0 
7fd8b06fe000-7fd8b07fa000 rw-p 00000000 00:00 0 
7fd8b07fa000-7fd8b07fb000 ---p 00000000 00:00 0 
7fd8b07fb000-7fd8b07ff000 ---p 00000000 00:00 0 
7fd8b07ff000-7fd8b08fb000 rw-p 00000000 00:00 0 
7fd8b08fb000-7fd8b08fc000 ---p 00000000 00:00 0 
7fd8b08fc000-7fd8b0900000 ---p 00000000 00:00 0 
7fd8b0900000-7fd8b09fc000 rw-p 00000000 00:00 0 
7fd8b09fc000-7fd8b09fd000 ---p 00000000 00:00 0 
7fd8b09fd000-7fd8b0a01000 ---p 00000000 00:00 0 
7fd8b0a01000-7fd8b0afd000 rw-p 00000000 00:00 0 
7fd8b0afd000-7fd8b0afe000 ---p 00000000 00:00 0 
7fd8b0afe000-7fd8b0b02000 ---p 00000000 00:00 0 
7fd8b0b02000-7fd8b0bfe000 rw-p 00000000 00:00 0 
7fd8b0bfe000-7fd8b0bff000 ---p 00000000 00:00 0 
7fd8b0bff000-7fd8b0c03000 ---p 00000000 00:00 0 
7fd8b0c03000-7fd8b0cff000 rw-p 00000000 00:00 0 
7fd8b0cff000-7fd8b0d00000 ---p 00000000 00:00 0 
7fd8b0d00000-7fd8b0d04000 ---p 00000000 00:00 0 
7fd8b0d04000-7fd8b0e00000 rw-p 00000000 00:00 0 
7fd8b0e00000-7fd8b0e53000 r-xp 00000000 fe:00 532814                     /root/.gradle/native/e376f236ea51e6404a007f0833ffe2c6e607c4080706a723a18a27aeea778392/linux-amd64/libnative-platform-file-events.so
7fd8b0e53000-7fd8b1052000 ---p 00053000 fe:00 532814                     /root/.gradle/native/e376f236ea51e6404a007f0833ffe2c6e607c4080706a723a18a27aeea778392/linux-amd64/libnative-platform-file-events.so
7fd8b1052000-7fd8b1053000 r--p 00052000 fe:00 532814                     /root/.gradle/native/e376f236ea51e6404a007f0833ffe2c6e607c4080706a723a18a27aeea778392/linux-amd64/libnative-platform-file-events.so
7fd8b1053000-7fd8b1055000 rw-p 00053000 fe:00 532814                     /root/.gradle/native/e376f236ea51e6404a007f0833ffe2c6e607c4080706a723a18a27aeea778392/linux-amd64/libnative-platform-file-events.so
7fd8b10ff000-7fd8b1100000 ---p 00000000 00:00 0 
7fd8b1100000-7fd8b1104000 ---p 00000000 00:00 0 
7fd8b1104000-7fd8b1200000 rw-p 00000000 00:00 0 
7fd8b1200000-7fd8b1205000 r-xp 00000000 fe:00 532791                     /root/.gradle/native/68d5fa5c4cc2d200863cafc0d521ce42e7d3e7ee720ec0a83991735586a16f82/linux-amd64/libnative-platform.so
7fd8b1205000-7fd8b1405000 ---p 00005000 fe:00 532791                     /root/.gradle/native/68d5fa5c4cc2d200863cafc0d521ce42e7d3e7ee720ec0a83991735586a16f82/linux-amd64/libnative-platform.so
7fd8b1405000-7fd8b1406000 r--p 00005000 fe:00 532791                     /root/.gradle/native/68d5fa5c4cc2d200863cafc0d521ce42e7d3e7ee720ec0a83991735586a16f82/linux-amd64/libnative-platform.so
7fd8b1406000-7fd8b1407000 rw-p 00006000 fe:00 532791                     /root/.gradle/native/68d5fa5c4cc2d200863cafc0d521ce42e7d3e7ee720ec0a83991735586a16f82/linux-amd64/libnative-platform.so
7fd8b14f0000-7fd8b14f1000 r--p 00000000 00:25 13837                      /usr/lib/jvm/java-17-openjdk-amd64/lib/librmi.so
7fd8b14f1000-7fd8b14f2000 r-xp 00001000 00:25 13837                      /usr/lib/jvm/java-17-openjdk-amd64/lib/librmi.so
7fd8b14f2000-7fd8b14f3000 r--p 00002000 00:25 13837                      /usr/lib/jvm/java-17-openjdk-amd64/lib/librmi.so
7fd8b14f3000-7fd8b14f4000 r--p 00002000 00:25 13837                      /usr/lib/jvm/java-17-openjdk-amd64/lib/librmi.so
7fd8b14f4000-7fd8b14f5000 rw-p 00003000 00:25 13837                      /usr/lib/jvm/java-17-openjdk-amd64/lib/librmi.so
7fd8b14f5000-7fd8b14f6000 ---p 00000000 00:00 0 
7fd8b14f6000-7fd8b15f6000 rw-p 00000000 00:00 0 
7fd8b15f6000-7fd8b15f7000 ---p 00000000 00:00 0 
7fd8b15f7000-7fd8b16f7000 rw-p 00000000 00:00 0 
7fd8b16f7000-7fd8b16f8000 ---p 00000000 00:00 0 
7fd8b16f8000-7fd8b16fc000 ---p 00000000 00:00 0 
7fd8b16fc000-7fd8b17f8000 rw-p 00000000 00:00 0 
7fd8b17f8000-7fd8b17f9000 ---p 00000000 00:00 0 
7fd8b17f9000-7fd8b17fd000 ---p 00000000 00:00 0 
7fd8b17fd000-7fd8b18f9000 rw-p 00000000 00:00 0 
7fd8b18f9000-7fd8b18fa000 ---p 00000000 00:00 0 
7fd8b18fa000-7fd8b18fe000 ---p 00000000 00:00 0 
7fd8b18fe000-7fd8b19fa000 rw-p 00000000 00:00 0 
7fd8b19fa000-7fd8b19fb000 ---p 00000000 00:00 0 
7fd8b19fb000-7fd8b19ff000 ---p 00000000 00:00 0 
7fd8b19ff000-7fd8b1afb000 rw-p 00000000 00:00 0 
7fd8b1afb000-7fd8b1afc000 ---p 00000000 00:00 0 
7fd8b1afc000-7fd8b1b00000 ---p 00000000 00:00 0 
7fd8b1b00000-7fd8b1bfc000 rw-p 00000000 00:00 0 
7fd8b1bfc000-7fd8b1bfd000 ---p 00000000 00:00 0 
7fd8b1bfd000-7fd8b1c01000 ---p 00000000 00:00 0 
7fd8b1c01000-7fd8b1cfd000 rw-p 00000000 00:00 0 
7fd8b1cfd000-7fd8b1cfe000 ---p 00000000 00:00 0 
7fd8b1cfe000-7fd8b1d02000 ---p 00000000 00:00 0 
7fd8b1d02000-7fd8b1dfe000 rw-p 00000000 00:00 0 
7fd8b1dfe000-7fd8b1dff000 ---p 00000000 00:00 0 
7fd8b1dff000-7fd8b1e03000 ---p 00000000 00:00 0 
7fd8b1e03000-7fd8b1eff000 rw-p 00000000 00:00 0 
7fd8b1eff000-7fd8b1f00000 ---p 00000000 00:00 0 
7fd8b1f00000-7fd8b1f04000 ---p 00000000 00:00 0 
7fd8b1f04000-7fd8b4000000 rw-p 00000000 00:00 0 
7fd8b4000000-7fd8b40ee000 rw-p 00000000 00:00 0 
7fd8b40ee000-7fd8b8000000 ---p 00000000 00:00 0 
7fd8b8000000-7fd8b84e1000 rw-p 00000000 00:00 0 
7fd8b84e1000-7fd8bc000000 ---p 00000000 00:00 0 
7fd8bc000000-7fd8bc2a7000 rw-p 00000000 00:00 0 
7fd8bc2a7000-7fd8c0000000 ---p 00000000 00:00 0 
7fd8c0003000-7fd8c0004000 ---p 00000000 00:00 0 
7fd8c0004000-7fd8c0008000 ---p 00000000 00:00 0 
7fd8c0008000-7fd8c0026000 rw-p 00000000 00:00 0 
7fd8c0026000-7fd8c0027000 ---p 00000000 00:00 0 
7fd8c0027000-7fd8c002b000 ---p 00000000 00:00 0 
7fd8c002b000-7fd8c0049000 rw-p 00000000 00:00 0 
7fd8c0049000-7fd8c004b000 r--p 00000000 00:25 13832                      /usr/lib/jvm/java-17-openjdk-amd64/lib/libmanagement_ext.so
7fd8c004b000-7fd8c004e000 r-xp 00002000 00:25 13832                      /usr/lib/jvm/java-17-openjdk-amd64/lib/libmanagement_ext.so
7fd8c004e000-7fd8c004f000 r--p 00005000 00:25 13832                      /usr/lib/jvm/java-17-openjdk-amd64/lib/libmanagement_ext.so
7fd8c004f000-7fd8c0050000 r--p 00006000 00:25 13832                      /usr/lib/jvm/java-17-openjdk-amd64/lib/libmanagement_ext.so
7fd8c0050000-7fd8c0051000 rw-p 00007000 00:25 13832                      /usr/lib/jvm/java-17-openjdk-amd64/lib/libmanagement_ext.so
7fd8c0051000-7fd8c0055000 r--p 00000000 00:25 13842                      /usr/lib/jvm/java-17-openjdk-amd64/lib/libverify.so
7fd8c0055000-7fd8c005c000 r-xp 00004000 00:25 13842                      /usr/lib/jvm/java-17-openjdk-amd64/lib/libverify.so
7fd8c005c000-7fd8c005e000 r--p 0000b000 00:25 13842                      /usr/lib/jvm/java-17-openjdk-amd64/lib/libverify.so
7fd8c005e000-7fd8c0060000 r--p 0000c000 00:25 13842                      /usr/lib/jvm/java-17-openjdk-amd64/lib/libverify.so
7fd8c0060000-7fd8c0061000 rw-p 0000e000 00:25 13842                      /usr/lib/jvm/java-17-openjdk-amd64/lib/libverify.so
7fd8c0061000-7fd8c00b8000 r--p 00000000 00:25 13893                      /usr/lib/locale/C.utf8/LC_CTYPE
7fd8c00b8000-7fd8c00b9000 ---p 00000000 00:00 0 
7fd8c00b9000-7fd8c00bd000 ---p 00000000 00:00 0 
7fd8c00bd000-7fd8c01b9000 rw-p 00000000 00:00 0 
7fd8c01b9000-7fd8c01ba000 ---p 00000000 00:00 0 
7fd8c01ba000-7fd8c02ba000 rw-p 00000000 00:00 0 
7fd8c02ba000-7fd8c02bf000 r--p 00000000 00:25 13828                      /usr/lib/jvm/java-17-openjdk-amd64/lib/libjsvml.so
7fd8c02bf000-7fd8c0300000 r-xp 00005000 00:25 13828                      /usr/lib/jvm/java-17-openjdk-amd64/lib/libjsvml.so
7fd8c0300000-7fd8c0389000 r--p 00046000 00:25 13828                      /usr/lib/jvm/java-17-openjdk-amd64/lib/libjsvml.so
7fd8c0389000-7fd8c038a000 r--p 000ce000 00:25 13828                      /usr/lib/jvm/java-17-openjdk-amd64/lib/libjsvml.so
7fd8c038a000-7fd8c038b000 rw-p 000cf000 00:25 13828                      /usr/lib/jvm/java-17-openjdk-amd64/lib/libjsvml.so
7fd8c038b000-7fd8c040c000 rw-p 00000000 00:00 0 
7fd8c040c000-7fd8c040d000 ---p 00000000 00:00 0 
7fd8c040d000-7fd8c050d000 rw-p 00000000 00:00 0 
7fd8c050d000-7fd8c050e000 ---p 00000000 00:00 0 
7fd8c050e000-7fd8c0810000 rw-p 00000000 00:00 0 
7fd8c0810000-7fd8c0811000 ---p 00000000 00:00 0 
7fd8c0811000-7fd8c114d000 rw-p 00000000 00:00 0 
7fd8c114d000-7fd8c2909000 ---p 00000000 00:00 0 
7fd8c2909000-7fd8c314d000 rw-p 00000000 00:00 0 
7fd8c314d000-7fd8c4909000 ---p 00000000 00:00 0 
7fd8c4909000-7fd8c4a19000 rw-p 00000000 00:00 0 
7fd8c4a19000-7fd8c4d10000 ---p 00000000 00:00 0 
7fd8c4d10000-7fd8c4e19000 rw-p 00000000 00:00 0 
7fd8c4e19000-7fd8c5110000 ---p 00000000 00:00 0 
7fd8c5110000-7fd8c5219000 rw-p 00000000 00:00 0 
7fd8c5219000-7fd8c5510000 ---p 00000000 00:00 0 
7fd8c5510000-7fd8c5511000 rw-p 00000000 00:00 0 
7fd8c5511000-7fd8c8911000 rwxp 00000000 00:00 0 
7fd8c8911000-7fd8cca49000 ---p 00000000 00:00 0 
7fd8cca49000-7fd8ccd29000 rwxp 00000000 00:00 0 
7fd8ccd29000-7fd8ccfd8000 ---p 00000000 00:00 0 
7fd8ccfd8000-7fd8cdee8000 rwxp 00000000 00:00 0 
7fd8cdee8000-7fd8d4511000 ---p 00000000 00:00 0 
7fd8d4511000-7fd8dc000000 r--s 00000000 00:25 13844                      /usr/lib/jvm/java-17-openjdk-amd64/lib/modules
7fd8dc000000-7fd8dd170000 rw-p 00000000 00:00 0 
7fd8dd170000-7fd8e0000000 ---p 00000000 00:00 0 
7fd8e0002000-7fd8e0003000 r--p 00000000 00:25 13813                      /usr/lib/jvm/java-17-openjdk-amd64/lib/libextnet.so
7fd8e0003000-7fd8e0004000 r-xp 00001000 00:25 13813                      /usr/lib/jvm/java-17-openjdk-amd64/lib/libextnet.so
7fd8e0004000-7fd8e0005000 r--p 00002000 00:25 13813                      /usr/lib/jvm/java-17-openjdk-amd64/lib/libextnet.so
7fd8e0005000-7fd8e0006000 r--p 00002000 00:25 13813                      /usr/lib/jvm/java-17-openjdk-amd64/lib/libextnet.so
7fd8e0006000-7fd8e0007000 rw-p 00003000 00:25 13813                      /usr/lib/jvm/java-17-openjdk-amd64/lib/libextnet.so
7fd8e0007000-7fd8e0008000 r--p 00000000 00:25 18162                      /usr/lib/x86_64-linux-gnu/libpthread.so.0
7fd8e0008000-7fd8e0009000 r-xp 00001000 00:25 18162                      /usr/lib/x86_64-linux-gnu/libpthread.so.0
7fd8e0009000-7fd8e000a000 r--p 00002000 00:25 18162                      /usr/lib/x86_64-linux-gnu/libpthread.so.0
7fd8e000a000-7fd8e000b000 r--p 00002000 00:25 18162                      /usr/lib/x86_64-linux-gnu/libpthread.so.0
7fd8e000b000-7fd8e000c000 rw-p 00003000 00:25 18162                      /usr/lib/x86_64-linux-gnu/libpthread.so.0
7fd8e000c000-7fd8e0010000 r--p 00000000 00:25 13834                      /usr/lib/jvm/java-17-openjdk-amd64/lib/libnet.so
7fd8e0010000-7fd8e001e000 r-xp 00004000 00:25 13834                      /usr/lib/jvm/java-17-openjdk-amd64/lib/libnet.so
7fd8e001e000-7fd8e0022000 r--p 00012000 00:25 13834                      /usr/lib/jvm/java-17-openjdk-amd64/lib/libnet.so
7fd8e0022000-7fd8e0023000 r--p 00015000 00:25 13834                      /usr/lib/jvm/java-17-openjdk-amd64/lib/libnet.so
7fd8e0023000-7fd8e0024000 rw-p 00016000 00:25 13834                      /usr/lib/jvm/java-17-openjdk-amd64/lib/libnet.so
7fd8e0024000-7fd8e007f000 rw-p 00000000 00:00 0 
7fd8e00c3000-7fd8e00c5000 r--p 00000000 00:25 13830                      /usr/lib/jvm/java-17-openjdk-amd64/lib/libmanagement.so
7fd8e00c5000-7fd8e00c6000 r-xp 00002000 00:25 13830                      /usr/lib/jvm/java-17-openjdk-amd64/lib/libmanagement.so
7fd8e00c6000-7fd8e00c7000 r--p 00003000 00:25 13830                      /usr/lib/jvm/java-17-openjdk-amd64/lib/libmanagement.so
7fd8e00c7000-7fd8e00c8000 r--p 00003000 00:25 13830                      /usr/lib/jvm/java-17-openjdk-amd64/lib/libmanagement.so
7fd8e00c8000-7fd8e00c9000 rw-p 00004000 00:25 13830                      /usr/lib/jvm/java-17-openjdk-amd64/lib/libmanagement.so
7fd8e00c9000-7fd8e00d0000 r--p 00000000 00:25 13835                      /usr/lib/jvm/java-17-openjdk-amd64/lib/libnio.so
7fd8e00d0000-7fd8e00d9000 r-xp 00007000 00:25 13835                      /usr/lib/jvm/java-17-openjdk-amd64/lib/libnio.so
7fd8e00d9000-7fd8e00dd000 r--p 00010000 00:25 13835                      /usr/lib/jvm/java-17-openjdk-amd64/lib/libnio.so
7fd8e00dd000-7fd8e00de000 r--p 00014000 00:25 13835                      /usr/lib/jvm/java-17-openjdk-amd64/lib/libnio.so
7fd8e00de000-7fd8e00df000 rw-p 00015000 00:25 13835                      /usr/lib/jvm/java-17-openjdk-amd64/lib/libnio.so
7fd8e00df000-7fd8e00e1000 r--p 00000000 00:25 13843                      /usr/lib/jvm/java-17-openjdk-amd64/lib/libzip.so
7fd8e00e1000-7fd8e00e5000 r-xp 00002000 00:25 13843                      /usr/lib/jvm/java-17-openjdk-amd64/lib/libzip.so
7fd8e00e5000-7fd8e00e7000 r--p 00006000 00:25 13843                      /usr/lib/jvm/java-17-openjdk-amd64/lib/libzip.so
7fd8e00e7000-7fd8e00e8000 r--p 00007000 00:25 13843                      /usr/lib/jvm/java-17-openjdk-amd64/lib/libzip.so
7fd8e00e8000-7fd8e00e9000 rw-p 00008000 00:25 13843                      /usr/lib/jvm/java-17-openjdk-amd64/lib/libzip.so
7fd8e00e9000-7fd8e00ea000 r--p 00000000 00:25 13899                      /usr/lib/locale/C.utf8/LC_NUMERIC
7fd8e00ea000-7fd8e00eb000 r--p 00000000 00:25 13902                      /usr/lib/locale/C.utf8/LC_TIME
7fd8e00eb000-7fd8e00ec000 r--p 00000000 00:25 13892                      /usr/lib/locale/C.utf8/LC_COLLATE
7fd8e00ec000-7fd8e00ed000 r--p 00000000 00:25 13897                      /usr/lib/locale/C.utf8/LC_MONETARY
7fd8e00ed000-7fd8e00ee000 r--p 00000000 00:25 13896                      /usr/lib/locale/C.utf8/LC_MESSAGES/SYS_LC_MESSAGES
7fd8e00ee000-7fd8e00ef000 r--p 00000000 00:25 13900                      /usr/lib/locale/C.utf8/LC_PAPER
7fd8e00ef000-7fd8e00f0000 r--p 00000000 00:25 13898                      /usr/lib/locale/C.utf8/LC_NAME
7fd8e00f0000-7fd8e00f7000 r--s 00000000 00:25 17585                      /usr/lib/x86_64-linux-gnu/gconv/gconv-modules.cache
7fd8e00f7000-7fd8e00f8000 ---p 00000000 00:00 0 
7fd8e00f8000-7fd8e01f8000 rw-p 00000000 00:00 0 
7fd8e01f8000-7fd8e01f9000 ---p 00000000 00:00 0 
7fd8e01f9000-7fd8e055f000 rw-p 00000000 00:00 0 
7fd8e055f000-7fd8e062b000 ---p 00000000 00:00 0 
7fd8e062b000-7fd8e0693000 rw-p 00000000 00:00 0 
7fd8e0693000-7fd8e0716000 ---p 00000000 00:00 0 
7fd8e0716000-7fd8e071c000 rw-p 00000000 00:00 0 
7fd8e071c000-7fd8e0722000 ---p 00000000 00:00 0 
7fd8e0722000-7fd8e072a000 rw-s 00000000 fe:00 532810                     /tmp/hsperfdata_root/1403
7fd8e072a000-7fd8e0736000 r--p 00000000 00:25 13820                      /usr/lib/jvm/java-17-openjdk-amd64/lib/libjava.so
7fd8e0736000-7fd8e0747000 r-xp 0000c000 00:25 13820                      /usr/lib/jvm/java-17-openjdk-amd64/lib/libjava.so
7fd8e0747000-7fd8e074d000 r--p 0001d000 00:25 13820                      /usr/lib/jvm/java-17-openjdk-amd64/lib/libjava.so
7fd8e074d000-7fd8e074e000 r--p 00022000 00:25 13820                      /usr/lib/jvm/java-17-openjdk-amd64/lib/libjava.so
7fd8e074e000-7fd8e074f000 rw-p 00023000 00:25 13820                      /usr/lib/jvm/java-17-openjdk-amd64/lib/libjava.so
7fd8e074f000-7fd8e0750000 rw-p 00000000 00:00 0 
7fd8e0750000-7fd8e0751000 r--p 00000000 00:25 13815                      /usr/lib/jvm/java-17-openjdk-amd64/lib/libinstrument.so
7fd8e0751000-7fd8e0757000 r-xp 00001000 00:25 13815                      /usr/lib/jvm/java-17-openjdk-amd64/lib/libinstrument.so
7fd8e0757000-7fd8e075a000 r--p 00007000 00:25 13815                      /usr/lib/jvm/java-17-openjdk-amd64/lib/libinstrument.so
7fd8e075a000-7fd8e075b000 r--p 00009000 00:25 13815                      /usr/lib/jvm/java-17-openjdk-amd64/lib/libinstrument.so
7fd8e075b000-7fd8e075c000 rw-p 0000a000 00:25 13815                      /usr/lib/jvm/java-17-openjdk-amd64/lib/libinstrument.so
7fd8e075c000-7fd8e075e000 r--p 00000000 00:25 13824                      /usr/lib/jvm/java-17-openjdk-amd64/lib/libjimage.so
7fd8e075e000-7fd8e0761000 r-xp 00002000 00:25 13824                      /usr/lib/jvm/java-17-openjdk-amd64/lib/libjimage.so
7fd8e0761000-7fd8e0762000 r--p 00005000 00:25 13824                      /usr/lib/jvm/java-17-openjdk-amd64/lib/libjimage.so
7fd8e0762000-7fd8e0763000 r--p 00006000 00:25 13824                      /usr/lib/jvm/java-17-openjdk-amd64/lib/libjimage.so
7fd8e0763000-7fd8e0764000 rw-p 00007000 00:25 13824                      /usr/lib/jvm/java-17-openjdk-amd64/lib/libjimage.so
7fd8e0764000-7fd8e0768000 ---p 00000000 00:00 0 
7fd8e0768000-7fd8e0864000 rw-p 00000000 00:00 0 
7fd8e0864000-7fd8e0867000 r--p 00000000 00:25 17971                      /usr/lib/x86_64-linux-gnu/libgcc_s.so.1
7fd8e0867000-7fd8e087e000 r-xp 00003000 00:25 17971                      /usr/lib/x86_64-linux-gnu/libgcc_s.so.1
7fd8e087e000-7fd8e0882000 r--p 0001a000 00:25 17971                      /usr/lib/x86_64-linux-gnu/libgcc_s.so.1
7fd8e0882000-7fd8e0883000 r--p 0001d000 00:25 17971                      /usr/lib/x86_64-linux-gnu/libgcc_s.so.1
7fd8e0883000-7fd8e0884000 rw-p 0001e000 00:25 17971                      /usr/lib/x86_64-linux-gnu/libgcc_s.so.1
7fd8e0884000-7fd8e0894000 r--p 00000000 00:25 18072                      /usr/lib/x86_64-linux-gnu/libm.so.6
7fd8e0894000-7fd8e0908000 r-xp 00010000 00:25 18072                      /usr/lib/x86_64-linux-gnu/libm.so.6
7fd8e0908000-7fd8e0962000 r--p 00084000 00:25 18072                      /usr/lib/x86_64-linux-gnu/libm.so.6
7fd8e0962000-7fd8e0963000 r--p 000dd000 00:25 18072                      /usr/lib/x86_64-linux-gnu/libm.so.6
7fd8e0963000-7fd8e0964000 rw-p 000de000 00:25 18072                      /usr/lib/x86_64-linux-gnu/libm.so.6
7fd8e0964000-7fd8e09fd000 r--p 00000000 00:25 18239                      /usr/lib/x86_64-linux-gnu/libstdc++.so.6.0.30
7fd8e09fd000-7fd8e0afe000 r-xp 00099000 00:25 18239                      /usr/lib/x86_64-linux-gnu/libstdc++.so.6.0.30
7fd8e0afe000-7fd8e0b6d000 r--p 0019a000 00:25 18239                      /usr/lib/x86_64-linux-gnu/libstdc++.so.6.0.30
7fd8e0b6d000-7fd8e0b78000 r--p 00209000 00:25 18239                      /usr/lib/x86_64-linux-gnu/libstdc++.so.6.0.30
7fd8e0b78000-7fd8e0b7b000 rw-p 00214000 00:25 18239                      /usr/lib/x86_64-linux-gnu/libstdc++.so.6.0.30
7fd8e0b7b000-7fd8e0b7e000 rw-p 00000000 00:00 0 
7fd8e0b7e000-7fd8e0dcf000 r--p 00000000 00:25 13856                      /usr/lib/jvm/java-17-openjdk-amd64/lib/server/libjvm.so
7fd8e0dcf000-7fd8e1b21000 r-xp 00251000 00:25 13856                      /usr/lib/jvm/java-17-openjdk-amd64/lib/server/libjvm.so
7fd8e1b21000-7fd8e1da3000 r--p 00fa3000 00:25 13856                      /usr/lib/jvm/java-17-openjdk-amd64/lib/server/libjvm.so
7fd8e1da3000-7fd8e1e5b000 r--p 01225000 00:25 13856                      /usr/lib/jvm/java-17-openjdk-amd64/lib/server/libjvm.so
7fd8e1e5b000-7fd8e1e90000 rw-p 012dd000 00:25 13856                      /usr/lib/jvm/java-17-openjdk-amd64/lib/server/libjvm.so
7fd8e1e90000-7fd8e1eec000 rw-p 00000000 00:00 0 
7fd8e1eec000-7fd8e1f12000 r--p 00000000 00:25 17860                      /usr/lib/x86_64-linux-gnu/libc.so.6
7fd8e1f12000-7fd8e2068000 r-xp 00026000 00:25 17860                      /usr/lib/x86_64-linux-gnu/libc.so.6
7fd8e2068000-7fd8e20bb000 r--p 0017c000 00:25 17860                      /usr/lib/x86_64-linux-gnu/libc.so.6
7fd8e20bb000-7fd8e20bf000 r--p 001cf000 00:25 17860                      /usr/lib/x86_64-linux-gnu/libc.so.6
7fd8e20bf000-7fd8e20c1000 rw-p 001d3000 00:25 17860                      /usr/lib/x86_64-linux-gnu/libc.so.6
7fd8e20c1000-7fd8e20ce000 rw-p 00000000 00:00 0 
7fd8e20ce000-7fd8e20d0000 r--p 00000000 00:25 13825                      /usr/lib/jvm/java-17-openjdk-amd64/lib/libjli.so
7fd8e20d0000-7fd8e20d9000 r-xp 00002000 00:25 13825                      /usr/lib/jvm/java-17-openjdk-amd64/lib/libjli.so
7fd8e20d9000-7fd8e20dc000 r--p 0000b000 00:25 13825                      /usr/lib/jvm/java-17-openjdk-amd64/lib/libjli.so
7fd8e20dc000-7fd8e20dd000 r--p 0000d000 00:25 13825                      /usr/lib/jvm/java-17-openjdk-amd64/lib/libjli.so
7fd8e20dd000-7fd8e20de000 rw-p 0000e000 00:25 13825                      /usr/lib/jvm/java-17-openjdk-amd64/lib/libjli.so
7fd8e20de000-7fd8e20e1000 r--p 00000000 00:25 1006                       /usr/lib/x86_64-linux-gnu/libz.so.1.2.13
7fd8e20e1000-7fd8e20f4000 r-xp 00003000 00:25 1006                       /usr/lib/x86_64-linux-gnu/libz.so.1.2.13
7fd8e20f4000-7fd8e20fb000 r--p 00016000 00:25 1006                       /usr/lib/x86_64-linux-gnu/libz.so.1.2.13
7fd8e20fb000-7fd8e20fc000 r--p 0001c000 00:25 1006                       /usr/lib/x86_64-linux-gnu/libz.so.1.2.13
7fd8e20fc000-7fd8e20fd000 rw-p 0001d000 00:25 1006                       /usr/lib/x86_64-linux-gnu/libz.so.1.2.13
7fd8e20fd000-7fd8e20fe000 r--p 00000000 00:25 13891                      /usr/lib/locale/C.utf8/LC_ADDRESS
7fd8e20fe000-7fd8e20ff000 r--p 00000000 00:25 13901                      /usr/lib/locale/C.utf8/LC_TELEPHONE
7fd8e20ff000-7fd8e2100000 r--p 00000000 00:25 13895                      /usr/lib/locale/C.utf8/LC_MEASUREMENT
7fd8e2100000-7fd8e2101000 r--p 00000000 00:25 13894                      /usr/lib/locale/C.utf8/LC_IDENTIFICATION
7fd8e2101000-7fd8e2102000 ---p 00000000 00:00 0 
7fd8e2102000-7fd8e2103000 r--p 00000000 00:00 0 
7fd8e2103000-7fd8e2104000 ---p 00000000 00:00 0 
7fd8e2104000-7fd8e2106000 rw-p 00000000 00:00 0 
7fd8e2106000-7fd8e2107000 r--p 00000000 00:25 17646                      /usr/lib/x86_64-linux-gnu/ld-linux-x86-64.so.2
7fd8e2107000-7fd8e212d000 r-xp 00001000 00:25 17646                      /usr/lib/x86_64-linux-gnu/ld-linux-x86-64.so.2
7fd8e212d000-7fd8e2137000 r--p 00027000 00:25 17646                      /usr/lib/x86_64-linux-gnu/ld-linux-x86-64.so.2
7fd8e2137000-7fd8e2139000 r--p 00031000 00:25 17646                      /usr/lib/x86_64-linux-gnu/ld-linux-x86-64.so.2
7fd8e2139000-7fd8e213b000 rw-p 00033000 00:25 17646                      /usr/lib/x86_64-linux-gnu/ld-linux-x86-64.so.2
7fff36eee000-7fff36f0f000 rw-p 00000000 00:00 0                          [stack]
7fff36fc8000-7fff36fcb000 r--p 00000000 00:00 0                          [vvar]
7fff36fcb000-7fff36fcd000 r-xp 00000000 00:00 0                          [vdso]
ffffffffff600000-ffffffffff601000 r-xp 00000000 00:00 0                  [vsyscall]


VM Arguments:
jvm_args: --add-opens=java.base/java.util=ALL-UNNAMED --add-opens=java.base/java.lang=ALL-UNNAMED --add-opens=java.base/java.lang.invoke=ALL-UNNAMED --add-opens=java.prefs/java.util.prefs=ALL-UNNAMED --add-opens=java.base/java.nio.charset=ALL-UNNAMED --add-opens=java.base/java.net=ALL-UNNAMED --add-opens=java.base/java.util.concurrent.atomic=ALL-UNNAMED -Xmx2048m -Dfile.encoding=UTF-8 -Duser.country -Duser.language=en -Duser.variant -javaagent:/root/.gradle/wrapper/dists/gradle-8.2-bin/bbg7u40eoinfdyxsxr3z4i7ta/gradle-8.2/lib/agents/gradle-instrumentation-agent-8.2.jar 
java_command: org.gradle.launcher.daemon.bootstrap.GradleDaemon 8.2
java_class_path (initial): /root/.gradle/wrapper/dists/gradle-8.2-bin/bbg7u40eoinfdyxsxr3z4i7ta/gradle-8.2/lib/gradle-launcher-8.2.jar
Launcher Type: SUN_STANDARD

[Global flags]
     intx CICompilerCount                          = 2                                         {product} {ergonomic}
     uint ConcGCThreads                            = 1                                         {product} {ergonomic}
     uint G1ConcRefinementThreads                  = 2                                         {product} {ergonomic}
   size_t G1HeapRegionSize                         = 1048576                                   {product} {ergonomic}
    uintx GCDrainStackTargetSize                   = 64                                        {product} {ergonomic}
   size_t InitialHeapSize                          = 33554432                                  {product} {ergonomic}
   size_t MarkStackSize                            = 4194304                                   {product} {ergonomic}
   size_t MaxHeapSize                              = 2147483648                                {product} {command line}
   size_t MaxNewSize                               = 1287651328                                {product} {ergonomic}
   size_t MinHeapDeltaBytes                        = 1048576                                   {product} {ergonomic}
   size_t MinHeapSize                              = 8388608                                   {product} {ergonomic}
    uintx NonNMethodCodeHeapSize                   = 5826188                                {pd product} {ergonomic}
    uintx NonProfiledCodeHeapSize                  = 122916026                              {pd product} {ergonomic}
    uintx ProfiledCodeHeapSize                     = 122916026                              {pd product} {ergonomic}
    uintx ReservedCodeCacheSize                    = 251658240                              {pd product} {ergonomic}
     bool SegmentedCodeCache                       = true                                      {product} {ergonomic}
   size_t SoftMaxHeapSize                          = 2147483648                             {manageable} {ergonomic}
     bool UseCompressedClassPointers               = true                           {product lp64_product} {ergonomic}
     bool UseCompressedOops                        = true                           {product lp64_product} {ergonomic}
     bool UseG1GC                                  = true                                      {product} {ergonomic}

Logging:
Log output configuration:
 #0: stdout all=warning uptime,level,tags
 #1: stderr all=off uptime,level,tags

Environment Variables:
PATH=/usr/local/sbin:/usr/local/bin:/usr/sbin:/usr/bin:/sbin:/bin:/opt/android-sdk/cmdline-tools/latest/bin:/opt/android-sdk/platform-tools:/opt/android-sdk/cmdline-tools/latest/bin:/opt/android-sdk/platform-tools:/opt/android-sdk/cmdline-tools/latest/bin:/opt/android-sdk/platform-tools:/opt/android-sdk/cmdline-tools/latest/bin:/opt/android-sdk/platform-tools:/opt/android-sdk/cmdline-tools/latest/bin:/opt/android-sdk/platform-tools:/opt/android-sdk/build-tools/34.0.0:/opt/android-sdk/cmdline-tools/latest/bin:/opt/android-sdk/platform-tools:/opt/android-sdk/build-tools/34.0.0:/opt/android-sdk/cmdline-tools/latest/bin:/opt/android-sdk/platform-tools:/opt/android-sdk/build-tools/34.0.0:/opt/android-sdk/cmdline-tools/latest/bin:/opt/android-sdk/platform-tools:/opt/android-sdk/build-tools/34.0.0:/opt/android-sdk/cmdline-tools/latest/bin:/opt/android-sdk/platform-tools:/opt/android-sdk/build-tools/34.0.0
SHELL=/bin/bash
LANG=C.UTF-8
LC_ALL=C.UTF-8
TERM=tmux-256color

Active Locale:
LC_ALL=C.UTF-8
LC_COLLATE=C.UTF-8
LC_CTYPE=C.UTF-8
LC_MESSAGES=C.UTF-8
LC_MONETARY=C.UTF-8
LC_NUMERIC=C.UTF-8
LC_TIME=C.UTF-8

Signal Handlers:
   SIGSEGV: crash_handler in libjvm.so, mask=11100100010111111101111111111110, flags=SA_RESTART|SA_SIGINFO, unblocked
    SIGBUS: crash_handler in libjvm.so, mask=11100100010111111101111111111110, flags=SA_RESTART|SA_SIGINFO, unblocked
    SIGFPE: crash_handler in libjvm.so, mask=11100100010111111101111111111110, flags=SA_RESTART|SA_SIGINFO, unblocked
   SIGPIPE: javaSignalHandler in libjvm.so, mask=11100100010111111101111111111110, flags=SA_RESTART|SA_SIGINFO, unblocked
   SIGXFSZ: javaSignalHandler in libjvm.so, mask=11100100010111111101111111111110, flags=SA_RESTART|SA_SIGINFO, unblocked
    SIGILL: crash_handler in libjvm.so, mask=11100100010111111101111111111110, flags=SA_RESTART|SA_SIGINFO, unblocked
   SIGUSR2: SR_handler in libjvm.so, mask=00100000000000000000000000000000, flags=SA_RESTART|SA_SIGINFO, unblocked
    SIGHUP: UserHandler in libjvm.so, mask=11100100010111111101111111111110, flags=SA_RESTART|SA_SIGINFO, unblocked
    SIGINT: UserHandler in libjvm.so, mask=11100100010111111101111111111110, flags=SA_RESTART|SA_SIGINFO, unblocked
   SIGTERM: UserHandler in libjvm.so, mask=11100100010111111101111111111110, flags=SA_RESTART|SA_SIGINFO, unblocked
   SIGQUIT: UserHandler in libjvm.so, mask=11100100010111111101111111111110, flags=SA_RESTART|SA_SIGINFO, unblocked
   SIGTRAP: crash_handler in libjvm.so, mask=11100100010111111101111111111110, flags=SA_RESTART|SA_SIGINFO, unblocked


Periodic native trim disabled


---------------  S Y S T E M  ---------------

OS:
PRETTY_NAME="Debian GNU/Linux 12 (bookworm)"
NAME="Debian GNU/Linux"
VERSION_ID="12"
VERSION="12 (bookworm)"
VERSION_CODENAME=bookworm
ID=debian
HOME_URL="https://www.debian.org/"
SUPPORT_URL="https://www.debian.org/support"
BUG_REPORT_URL="https://bugs.debian.org/"
uname: Linux 4.19.91-c8dfc93.al7.x86_64 #1 SMP Tue Sep 26 10:25:51 UTC 2023 x86_64
OS uptime: 0 days 0:06 hours
libc: glibc 2.36 NPTL 2.36 
rlimit (soft/hard): STACK 8192k/infinity , CORE 0k/0k , NPROC 100000/100000 , NOFILE 100000/100000 , AS infinity/infinity , CPU infinity/infinity , DATA infinity/infinity , FSIZE infinity/infinity , MEMLOCK 64k/64k
load average: 2.33 1.34 0.57

/proc/meminfo:
MemTotal:        2152516 kB
MemFree:           40016 kB
MemAvailable:     269780 kB
Buffers:            6744 kB
Cached:           262148 kB
SwapCached:            0 kB
Active:          1858532 kB
Inactive:         143524 kB
Active(anon):    1733228 kB
Inactive(anon):       16 kB
Active(file):     125304 kB
Inactive(file):   143508 kB
Unevictable:           0 kB
Mlocked:               0 kB
SwapTotal:             0 kB
SwapFree:              0 kB
Dirty:              1808 kB
Writeback:             0 kB
AnonPages:       1733308 kB
Mapped:            33352 kB
Shmem:                32 kB
Slab:              59384 kB
SReclaimable:      45448 kB
SUnreclaim:        13936 kB
KernelStack:        3504 kB
PageTables:         5140 kB
NFS_Unstable:          0 kB
Bounce:                0 kB
WritebackTmp:          0 kB
CommitLimit:     1076256 kB
Committed_AS:    1926376 kB
VmallocTotal:   34359738367 kB
VmallocUsed:           0 kB
VmallocChunk:          0 kB
Percpu:              384 kB
AnonHugePages:    243712 kB
ShmemHugePages:        0 kB
ShmemPmdMapped:        0 kB
HugePages_Total:       0
HugePages_Free:        0
HugePages_Rsvd:        0
HugePages_Surp:        0
Hugepagesize:       2048 kB
Hugetlb:               0 kB
DirectMap4k:        8192 kB
DirectMap2M:     2523136 kB
DirectMap1G:           0 kB

/sys/kernel/mm/transparent_hugepage/enabled: [always] madvise never
/sys/kernel/mm/transparent_hugepage/hpage_pmd_size: 2097152
/sys/kernel/mm/transparent_hugepage/defrag (defrag/compaction efforts parameter): always defer defer+madvise madvise [never]

Process Memory:
Virtual Size: 4437632K (peak: 4965252K)
Resident Set Size: 986016K (peak: 986016K) (anon: 962740K, file: 23276K, shmem: 0K)
Swapped out: 0K
C-Heap outstanding allocations: 147257K, retained: 31326K
glibc malloc tunables: (default)

/proc/sys/kernel/threads-max (system-wide limit on the number of threads): 1129
/proc/sys/vm/max_map_count (maximum number of memory map areas a process may have): 65530
/proc/sys/vm/swappiness (control to define how aggressively the kernel swaps out anonymous memory): 60
/proc/sys/kernel/pid_max (system-wide limit on number of process identifiers): 32768

container (cgroup) information:
container_type: cgroupv1
cpu_cpuset_cpus: 0-1
cpu_memory_nodes: 0
active_processor_count: 2
cpu_quota: no quota
cpu_period: 100000
cpu_shares: 12288
memory_limit_in_bytes: 2097152 k
memory_and_swap_limit_in_bytes: unlimited
memory_soft_limit_in_bytes: unlimited
memory_usage_in_bytes: 2049584 k
memory_max_usage_in_bytes: 2063084 k
rss_usage_in_bytes: 1726452 k
cache_usage_in_bytes: 268240 k
kernel_memory_limit_in_bytes: unlimited
kernel_memory_usage_in_bytes: 54700 k
kernel_memory_max_usage_in_bytes: 128848 k
maximum number of tasks: unlimited
current number of tasks: 145

KVM virtualization detected
Steal ticks since vm start: 18894
Steal ticks percentage since vm start:  0.429

CPU: total 2 (initial active 2) (2 cores per cpu, 1 threads per core) family 6 model 85 stepping 7 microcode 0x1, cx8, cmov, fxsr, mmx, 3dnowpref, sse, sse2, sse3, ssse3, sse4.1, sse4.2, popcnt, lzcnt, tsc, tscinvbit, avx, avx2, aes, erms, clmul, bmi1, bmi2, adx, avx512f, avx512dq, avx512cd, avx512bw, avx512vl, fma, vzeroupper, avx512_vnni, clflush, clflushopt, clwb, hv
CPU Model and flags from /proc/cpuinfo:
model name	: Intel(R) Xeon(R) Processor @ 2.50GHz
flags		: fpu vme de pse tsc msr pae mce cx8 apic sep mtrr pge mca cmov pat pse36 clflush mmx fxsr sse sse2 ss ht syscall nx pdpe1gb rdtscp lm constant_tsc rep_good nopl xtopology nonstop_tsc cpuid tsc_known_freq pni pclmulqdq ssse3 fma cx16 pcid sse4_1 sse4_2 x2apic movbe popcnt tsc_deadline_timer aes xsave avx f16c rdrand hypervisor lahf_lm abm 3dnowprefetch cpuid_fault invpcid_single ssbd ibrs ibpb stibp ibrs_enhanced fsgsbase tsc_adjust bmi1 avx2 smep bmi2 erms invpcid mpx avx512f avx512dq rdseed adx smap clflushopt clwb avx512cd avx512bw avx512vl xsaveopt xsavec xgetbv1 xsaves umip avx512_vnni md_clear arch_capabilities

Online cpus: 0-1
Offline cpus: 
BIOS frequency limitation: <Not Available>
Frequency switch latency (ns): <Not Available>
Available cpu frequencies: <Not Available>
Current governor: <Not Available>
Core performance/turbo boost: <Not Available>

Memory: 4k page, physical 2097152k(47568k free), swap 0k(0k free)
Page Sizes: 4k

vm_info: OpenJDK 64-Bit Server VM (17.0.20+8-1-deb12u1-Debian) for linux-amd64 JRE (17.0.20+8-1-deb12u1-Debian), built on Jul 28 2026 07:08:51 by "buildd" with gcc 12.2.0

END.
