#
# There is insufficient memory for the Java Runtime Environment to continue.
# Native memory allocation (mmap) failed to map 101711872 bytes. Error detail: committing reserved memory.
# Possible reasons:
#   The system is out of physical RAM or swap space
#   This process is running with CompressedOops enabled, and the Java Heap may be blocking the growth of the native heap
# Possible solutions:
#   Reduce memory load on the system
#   Increase physical memory or swap space
#   Check if swap backing store is full
#   Decrease Java heap size (-Xmx/-Xms)
#   Decrease number of Java threads
#   Decrease Java thread stack sizes (-Xss)
#   Set larger code cache with -XX:ReservedCodeCacheSize=
#   JVM is running with Unscaled Compressed Oops mode in which the Java heap is
#     placed in the first 4GB address space. The Java Heap base address is the
#     maximum limit for the native heap growth. Please use -XX:HeapBaseMinAddress
#     to set the Java Heap base and to place the Java Heap above 4GB virtual address.
# This output file may be truncated or incomplete.
#
#  Out of Memory Error (os_linux.cpp:2834), pid=3518, tid=3528
#
# JRE version: OpenJDK Runtime Environment (17.0.20+8) (build 17.0.20+8-1-deb12u1-Debian)
# Java VM: OpenJDK 64-Bit Server VM (17.0.20+8-1-deb12u1-Debian, mixed mode, sharing, tiered, compressed oops, compressed class ptrs, g1 gc, linux-amd64)
# No core dump will be written. Core dumps have been disabled. To enable core dumping, try "ulimit -c unlimited" before starting Java again
#

---------------  S U M M A R Y ------------

Command Line: -XX:MaxMetaspaceSize=512m --add-opens=java.base/java.util=ALL-UNNAMED --add-opens=java.base/java.lang=ALL-UNNAMED --add-opens=java.base/java.lang.invoke=ALL-UNNAMED --add-opens=java.prefs/java.util.prefs=ALL-UNNAMED --add-opens=java.base/java.nio.charset=ALL-UNNAMED --add-opens=java.base/java.net=ALL-UNNAMED --add-opens=java.base/java.util.concurrent.atomic=ALL-UNNAMED -Xmx1024m -Dfile.encoding=UTF-8 -Duser.country -Duser.language=en -Duser.variant -javaagent:/root/.gradle/wrapper/dists/gradle-8.2-bin/bbg7u40eoinfdyxsxr3z4i7ta/gradle-8.2/lib/agents/gradle-instrumentation-agent-8.2.jar -Xmx768m org.gradle.launcher.daemon.bootstrap.GradleDaemon 8.2

Host: Intel(R) Xeon(R) Processor @ 2.50GHz, 2 cores, 2G, Debian GNU/Linux 12 (bookworm)
Time: Mon Sep 14 19:30:02 2026 UTC elapsed time: 47.782328 seconds (0d 0h 0m 47s)

---------------  T H R E A D  ---------------

Current thread (0x00007eff4c09c3a0):  VMThread "VM Thread" [stack: 0x00007eff31c11000,0x00007eff31d11000] [id=3528]

Stack: [0x00007eff31c11000,0x00007eff31d11000],  sp=0x00007eff31d0ed70,  free space=1015k
Native frames: (J=compiled Java code, j=interpreted, Vv=VM code, C=native code)
V  [libjvm.so+0xf21211]  VMError::report_and_die(int, char const*, char const*, __va_list_tag*, Thread*, unsigned char*, void*, void*, char const*, int, unsigned long)+0x171
V  [libjvm.so+0xf21d7d]  VMError::report_and_die(Thread*, char const*, int, unsigned long, VMErrorType, char const*, __va_list_tag*)+0x2d
V  [libjvm.so+0x60378c]  report_vm_out_of_memory(char const*, int, unsigned long, VMErrorType, char const*, ...)+0xdc
V  [libjvm.so+0xc2a14b]  os::pd_commit_memory_or_exit(char*, unsigned long, unsigned long, bool, char const*)+0xeb
V  [libjvm.so+0xc23ffb]  os::commit_memory_or_exit(char*, unsigned long, unsigned long, bool, char const*)+0x1b
V  [libjvm.so+0x733436]  G1PageBasedVirtualSpace::commit(unsigned long, unsigned long)+0x66
V  [libjvm.so+0x7473e0]  G1RegionsLargerThanCommitSizeMapper::commit_regions(unsigned int, unsigned long, WorkGang*)+0x110
V  [libjvm.so+0x7dadc8]  HeapRegionManager::commit_regions(unsigned int, unsigned long, WorkGang*)+0x88
V  [libjvm.so+0x7dcc0b]  HeapRegionManager::expand(unsigned int, unsigned int, WorkGang*)+0x2b
V  [libjvm.so+0x7dce27]  HeapRegionManager::expand_by(unsigned int, WorkGang*)+0x77
V  [libjvm.so+0x6ebed8]  G1CollectedHeap::expand(unsigned long, WorkGang*, double*)+0xe8
V  [libjvm.so+0x6efb29]  G1CollectedHeap::do_collection_pause_at_safepoint_helper(double)+0x8a9
V  [libjvm.so+0x6efb8f]  G1CollectedHeap::do_collection_pause_at_safepoint(double)+0x2f
V  [libjvm.so+0x76b9d7]  VM_G1CollectForAllocation::doit()+0x47
V  [libjvm.so+0xf26715]  VM_Operation::evaluate()+0xe5
V  [libjvm.so+0xf28005]  VMThread::evaluate_operation(VM_Operation*)+0x105
V  [libjvm.so+0xf2857f]  VMThread::inner_execute(VM_Operation*)+0x28f
V  [libjvm.so+0xf2878f]  VMThread::run()+0xbf
V  [libjvm.so+0xea40a5]  Thread::call_run()+0xa5
V  [libjvm.so+0xc2c8f3]  thread_native_entry(Thread*)+0xe3

VM_Operation (0x00007efed73f0620): G1CollectForAllocation, mode: safepoint, requested by thread 0x00007eff4d38ca90


---------------  P R O C E S S  ---------------

Threads class SMR info:
_java_thread_list=0x00007efef80fdf20, length=64, elements={
0x00007eff4c01a820, 0x00007eff4c0a04a0, 0x00007eff4c0a1880, 0x00007eff4c0a8270,
0x00007eff4c0a9620, 0x00007eff4c0aaa30, 0x00007eff4c0ac3e0, 0x00007eff4c0ad910,
0x00007eff4c0aed80, 0x00007eff4c0f2520, 0x00007eff4c1c2890, 0x00007eff4d10d910,
0x00007eff4d189730, 0x00007eff4d1b3e10, 0x00007efeec016f50, 0x00007efef4002b30,
0x00007efef4007fe0, 0x00007efef4009630, 0x00007eff20005fd0, 0x00007eff20007510,
0x00007eff2000e140, 0x00007eff2018c250, 0x00007eff2019e960, 0x00007eff2035fdd0,
0x00007eff2067f4b0, 0x00007eff2068d550, 0x00007eff2069f6b0, 0x00007eff206ea010,
0x00007eff206f8ef0, 0x00007eff201d9c90, 0x00007eff20b13130, 0x00007eff20c9d5b0,
0x00007eff20e1f440, 0x00007eff210acf20, 0x00007eff210e8800, 0x00007eff21710080,
0x00007eff21a171e0, 0x00007eff22432e00, 0x00007eff2c0366d0, 0x00007eff4c11d070,
0x00007eff4c0e2f30, 0x00007eff4d1d9f90, 0x00007eff2c069f00, 0x00007eff2c08aed0,
0x00007eff4d359570, 0x00007eff4d35a220, 0x00007eff4d38ca90, 0x00007eff4d3a0530,
0x00007eff2c0cc660, 0x00007eff2c0cf1e0, 0x00007eff2c0d0360, 0x00007eff4d3aa4b0,
0x00007efef004e660, 0x00007efef00525b0, 0x00007efef00544a0, 0x00007efef0055570,
0x00007eff4d3a4760, 0x00007eff4d3b4950, 0x00007eff2c0da420, 0x00007eff2c07a660,
0x00007eff2c07ba20, 0x00007eff2c079d50, 0x00007efef018f670, 0x00007efef80fcc40
}

Java Threads: ( => current thread )
  0x00007eff4c01a820 JavaThread "main" [_thread_blocked, id=3519, stack(0x00007eff5121f000,0x00007eff5131f000)]
  0x00007eff4c0a04a0 JavaThread "Reference Handler" daemon [_thread_blocked, id=3529, stack(0x00007eff31b10000,0x00007eff31c10000)]
  0x00007eff4c0a1880 JavaThread "Finalizer" daemon [_thread_blocked, id=3530, stack(0x00007eff31a0f000,0x00007eff31b0f000)]
  0x00007eff4c0a8270 JavaThread "Signal Dispatcher" daemon [_thread_blocked, id=3531, stack(0x00007eff318b7000,0x00007eff319b7000)]
  0x00007eff4c0a9620 JavaThread "Service Thread" daemon [_thread_blocked, id=3532, stack(0x00007eff317b6000,0x00007eff318b6000)]
  0x00007eff4c0aaa30 JavaThread "Monitor Deflation Thread" daemon [_thread_blocked, id=3533, stack(0x00007eff316b5000,0x00007eff317b5000)]
  0x00007eff4c0ac3e0 JavaThread "C2 CompilerThread0" daemon [_thread_blocked, id=3534, stack(0x00007eff315b4000,0x00007eff316b4000)]
  0x00007eff4c0ad910 JavaThread "C1 CompilerThread0" daemon [_thread_blocked, id=3535, stack(0x00007eff314b3000,0x00007eff315b3000)]
  0x00007eff4c0aed80 JavaThread "Sweeper thread" daemon [_thread_blocked, id=3536, stack(0x00007eff313b2000,0x00007eff314b2000)]
  0x00007eff4c0f2520 JavaThread "Common-Cleaner" daemon [_thread_blocked, id=3537, stack(0x00007eff312b1000,0x00007eff313b1000)]
  0x00007eff4c1c2890 JavaThread "Notification Thread" daemon [_thread_blocked, id=3538, stack(0x00007eff311b0000,0x00007eff312b0000)]
  0x00007eff4d10d910 JavaThread "Daemon health stats" [_thread_blocked, id=3544, stack(0x00007eff30ea5000,0x00007eff30fa5000)]
  0x00007eff4d189730 JavaThread "Incoming local TCP Connector on port 36367" [_thread_in_native, id=3546, stack(0x00007eff30b00000,0x00007eff30c00000)]
  0x00007eff4d1b3e10 JavaThread "Daemon periodic checks" [_thread_blocked, id=3547, stack(0x00007eff30700000,0x00007eff30800000)]
  0x00007efeec016f50 JavaThread "Daemon" [_thread_blocked, id=3548, stack(0x00007eff305ff000,0x00007eff306ff000)]
  0x00007efef4002b30 JavaThread "Handler for socket connection from /127.0.0.1:36367 to /127.0.0.1:54396" [_thread_in_native, id=3549, stack(0x00007eff304fe000,0x00007eff305fe000)]
  0x00007efef4007fe0 JavaThread "Cancel handler" [_thread_blocked, id=3550, stack(0x00007eff303fd000,0x00007eff304fd000)]
  0x00007efef4009630 JavaThread "Daemon worker" [_thread_blocked, id=3551, stack(0x00007eff302fc000,0x00007eff303fc000)]
  0x00007eff20005fd0 JavaThread "Asynchronous log dispatcher for DefaultDaemonConnection: socket connection from /127.0.0.1:36367 to /127.0.0.1:54396" [_thread_blocked, id=3553, stack(0x00007eff301fb000,0x00007eff302fb000)]
  0x00007eff20007510 JavaThread "Stdin handler" [_thread_blocked, id=3555, stack(0x00007eff300fa000,0x00007eff301fa000)]
  0x00007eff2000e140 JavaThread "Daemon client event forwarder" [_thread_blocked, id=3556, stack(0x00007efefcf00000,0x00007efefd000000)]
  0x00007eff2018c250 JavaThread "Cache worker for journal cache (/root/.gradle/caches/journal-1)" [_thread_blocked, id=3558, stack(0x00007efefcdff000,0x00007efefceff000)]
  0x00007eff2019e960 JavaThread "File lock request listener" [_thread_in_native, id=3559, stack(0x00007efefccfe000,0x00007efefcdfe000)]
  0x00007eff2035fdd0 JavaThread "Cache worker for file hash cache (/root/.gradle/caches/8.2/fileHashes)" [_thread_blocked, id=3561, stack(0x00007efefcbfd000,0x00007efefccfd000)]
  0x00007eff2067f4b0 JavaThread "Cache worker for checksums cache (/workspace/android/.gradle/8.2/checksums)" [_thread_blocked, id=3565, stack(0x00007efefcafc000,0x00007efefcbfc000)]
  0x00007eff2068d550 JavaThread "Cache worker for cache directory md-rule (/root/.gradle/caches/8.2/md-rule)" [_thread_blocked, id=3566, stack(0x00007efefc9fb000,0x00007efefcafb000)]
  0x00007eff2069f6b0 JavaThread "Cache worker for file content cache (/root/.gradle/caches/8.2/fileContent)" [_thread_blocked, id=3567, stack(0x00007efefc8fa000,0x00007efefc9fa000)]
  0x00007eff206ea010 JavaThread "Cache worker for file hash cache (/workspace/android/.gradle/8.2/fileHashes)" [_thread_blocked, id=3568, stack(0x00007efefc7f9000,0x00007efefc8f9000)]
  0x00007eff206f8ef0 JavaThread "Cache worker for cache directory md-supplier (/root/.gradle/caches/8.2/md-supplier)" [_thread_blocked, id=3569, stack(0x00007efefc6f8000,0x00007efefc7f8000)]
  0x00007eff201d9c90 JavaThread "Cache worker for execution history cache (/root/.gradle/caches/8.2/executionHistory)" [_thread_blocked, id=3571, stack(0x00007efefc5f7000,0x00007efefc6f7000)]
  0x00007eff20b13130 JavaThread "jar transforms" [_thread_blocked, id=3574, stack(0x00007efefc4f6000,0x00007efefc5f6000)]
  0x00007eff20c9d5b0 JavaThread "jar transforms Thread 2" [_thread_blocked, id=3576, stack(0x00007efefc3f5000,0x00007efefc4f5000)]
  0x00007eff20e1f440 JavaThread "Cache worker for dependencies-accessors (/workspace/android/.gradle/8.2/dependencies-accessors)" [_thread_blocked, id=3578, stack(0x00007efefc2f4000,0x00007efefc3f4000)]
  0x00007eff210acf20 JavaThread "Cache worker for Build Output Cleanup Cache (/workspace/android/.gradle/buildOutputCleanup)" [_thread_blocked, id=3581, stack(0x00007efefc1f3000,0x00007efefc2f3000)]
  0x00007eff210e8800 JavaThread "Unconstrained build operations" [_thread_blocked, id=3585, stack(0x00007efefc0f2000,0x00007efefc1f2000)]
  0x00007eff21710080 JavaThread "Memory manager" [_thread_blocked, id=3592, stack(0x00007efed7f00000,0x00007efed8000000)]
  0x00007eff21a171e0 JavaThread "build event listener" [_thread_blocked, id=3598, stack(0x00007efed7dff000,0x00007efed7eff000)]
  0x00007eff22432e00 JavaThread "included builds" [_thread_blocked, id=3615, stack(0x00007efed7cfe000,0x00007efed7dfe000)]
  0x00007eff2c0366d0 JavaThread "Execution worker" [_thread_blocked, id=3616, stack(0x00007efed7bfd000,0x00007efed7cfd000)]
  0x00007eff4c11d070 JavaThread "Cache worker for execution history cache (/workspace/android/.gradle/8.2/executionHistory)" [_thread_blocked, id=3617, stack(0x00007efed7afc000,0x00007efed7bfc000)]
  0x00007eff4c0e2f30 JavaThread "Unconstrained build operations Thread 2" [_thread_blocked, id=3619, stack(0x00007efed79fb000,0x00007efed7afb000)]
  0x00007eff4d1d9f90 JavaThread "WorkerExecutor Queue" [_thread_blocked, id=3622, stack(0x00007efed78fa000,0x00007efed79fa000)]
  0x00007eff2c069f00 JavaThread "Unconstrained build operations Thread 3" [_thread_blocked, id=3624, stack(0x00007efed77f9000,0x00007efed78f9000)]
  0x00007eff2c08aed0 JavaThread "Unconstrained build operations Thread 4" [_thread_blocked, id=3633, stack(0x00007efed75f7000,0x00007efed76f7000)]
  0x00007eff4d359570 JavaThread "Unconstrained build operations Thread 5" [_thread_blocked, id=3637, stack(0x00007efed74f6000,0x00007efed75f6000)]
  0x00007eff4d35a220 JavaThread "Unconstrained build operations Thread 6" [_thread_blocked, id=3639, stack(0x00007efed73f5000,0x00007efed74f5000)]
  0x00007eff4d38ca90 JavaThread "WorkerExecutor Queue Thread 3" [_thread_blocked, id=3642, stack(0x00007efed72f4000,0x00007efed73f4000)]
  0x00007eff4d3a0530 JavaThread "Unconstrained build operations Thread 7" [_thread_blocked, id=3643, stack(0x00007efed71f3000,0x00007efed72f3000)]
  0x00007eff2c0cc660 JavaThread "Unconstrained build operations Thread 8" [_thread_blocked, id=3644, stack(0x00007efed70f2000,0x00007efed71f2000)]
  0x00007eff2c0cf1e0 JavaThread "Unconstrained build operations Thread 9" [_thread_blocked, id=3645, stack(0x00007efed2f00000,0x00007efed3000000)]
  0x00007eff2c0d0360 JavaThread "Unconstrained build operations Thread 10" [_thread_blocked, id=3647, stack(0x00007efed2dff000,0x00007efed2eff000)]
  0x00007eff4d3aa4b0 JavaThread "Unconstrained build operations Thread 11" [_thread_blocked, id=3648, stack(0x00007efed2cfe000,0x00007efed2dfe000)]
  0x00007efef004e660 JavaThread "pool-3-thread-1" [_thread_blocked, id=3650, stack(0x00007efed2bfd000,0x00007efed2cfd000)]
  0x00007efef00525b0 JavaThread "process reaper (pid 3651)" daemon [_thread_in_native, id=3652, stack(0x00007eff30e82000,0x00007eff30ea4000)]
  0x00007efef00544a0 JavaThread "stderr" [_thread_in_native, id=3653, stack(0x00007efed2afc000,0x00007efed2bfc000)]
  0x00007efef0055570 JavaThread "stdout" [_thread_in_native, id=3654, stack(0x00007efed29fb000,0x00007efed2afb000)]
  0x00007eff4d3a4760 JavaThread "Unconstrained build operations Thread 12" [_thread_blocked, id=3655, stack(0x00007efed28fa000,0x00007efed29fa000)]
  0x00007eff4d3b4950 JavaThread "Unconstrained build operations Thread 13" [_thread_blocked, id=3657, stack(0x00007efed27f9000,0x00007efed28f9000)]
  0x00007eff2c0da420 JavaThread "Unconstrained build operations Thread 14" [_thread_blocked, id=3660, stack(0x00007efed76f8000,0x00007efed77f8000)]
  0x00007eff2c07a660 JavaThread "Unconstrained build operations Thread 15" [_thread_blocked, id=3661, stack(0x00007efed26f8000,0x00007efed27f8000)]
  0x00007eff2c07ba20 JavaThread "Unconstrained build operations Thread 16" [_thread_blocked, id=3662, stack(0x00007efed25f7000,0x00007efed26f7000)]
  0x00007eff2c079d50 JavaThread "Unconstrained build operations Thread 17" [_thread_blocked, id=3663, stack(0x00007efed24f6000,0x00007efed25f6000)]
  0x00007efef018f670 JavaThread "ForkJoinPool-1-worker-1" daemon [_thread_blocked, id=3672, stack(0x00007efed22f4000,0x00007efed23f4000)]
  0x00007efef80fcc40 JavaThread "ForkJoinPool-1-worker-2" daemon [_thread_blocked, id=3673, stack(0x00007efed21f3000,0x00007efed22f3000)]

Other Threads:
=>0x00007eff4c09c3a0 VMThread "VM Thread" [stack: 0x00007eff31c11000,0x00007eff31d11000] [id=3528]
  0x00007eff4c01cb90 WatcherThread [stack: 0x00007eff310af000,0x00007eff311af000] [id=3539]
  0x00007eff4c04f7c0 GCTaskThread "GC Thread#0" [stack: 0x00007eff5085f000,0x00007eff5095f000] [id=3521]
  0x00007efef8004990 GCTaskThread "GC Thread#1" [stack: 0x00007eff30fae000,0x00007eff310ae000] [id=3540]
  0x00007eff4c056da0 ConcurrentGCThread "G1 Main Marker" [stack: 0x00007eff5075e000,0x00007eff5085e000] [id=3524]
  0x00007eff4c057d10 ConcurrentGCThread "G1 Conc#0" [stack: 0x00007eff5065d000,0x00007eff5075d000] [id=3525]
  0x00007eff4c076940 ConcurrentGCThread "G1 Refine#0" [stack: 0x00007eff5035a000,0x00007eff5045a000] [id=3526]
  0x00007eff1c021710 ConcurrentGCThread "G1 Refine#1" [stack: 0x00007efed23f5000,0x00007efed24f5000] [id=3670]
  0x00007eff4c077840 ConcurrentGCThread "G1 Service" [stack: 0x00007eff50259000,0x00007eff50359000] [id=3527]

Threads with active compile tasks:
C2 CompilerThread0  47795 18044       4       com.android.tools.r8.graph.A2::a (71 bytes)

VM state: at safepoint (normal execution)

VM Mutex/Monitor currently owned by a thread:  ([mutex/lock_event])
[0x00007eff4c017610] Threads_lock - owner thread: 0x00007eff4c09c3a0
[0x00007eff4c017dc0] Heap_lock - owner thread: 0x00007eff4d38ca90

Heap address: 0x00000000d0000000, size: 768 MB, Compressed Oops mode: 32-bit

CDS archive(s) mapped at: [0x00007eff01000000-0x00007eff01bca000-0x00007eff01bca000), size 12361728, SharedBaseAddress: 0x00007eff01000000, ArchiveRelocationMode: 1.
Compressed class space mapped at: 0x00007eff02000000-0x00007eff1c000000, reserved size: 436207616
Narrow klass base: 0x00007eff01000000, Narrow klass shift: 0, Narrow klass range: 0x100000000

GC Precious Log:
 CPUs: 2 total, 2 available
 Memory: 2048M
 Large Page Support: Disabled
 NUMA Support: Disabled
 Compressed Oops: Enabled (32-bit)
 Heap Region Size: 1M
 Heap Min Capacity: 8M
 Heap Initial Capacity: 32M
 Heap Max Capacity: 768M
 Pre-touch: Disabled
 Parallel Workers: 2
 Concurrent Workers: 1
 Concurrent Refinement Workers: 2
 Periodic GC: Disabled

Heap:
 garbage-first heap   total 471040K, used 279251K [0x00000000d0000000, 0x0000000100000000)
  region size 1024K, 7 young (7168K), 7 survivors (7168K)
 Metaspace       used 111258K, committed 112128K, reserved 557056K
  class space    used 15167K, committed 15616K, reserved 425984K

Heap Regions: E=young(eden), S=young(survivor), O=old, HS=humongous(starts), HC=humongous(continues), CS=collection set, F=free, OA=open archive, CA=closed archive, TAMS=top-at-mark-start (previous, next)
|   0|0x00000000d0000000, 0x00000000d0100000, 0x00000000d0100000|100%| O|  |TAMS 0x00000000d0100000, 0x00000000d0000000| Untracked 
|   1|0x00000000d0100000, 0x00000000d0200000, 0x00000000d0200000|100%|HS|  |TAMS 0x00000000d0200000, 0x00000000d0100000| Complete 
|   2|0x00000000d0200000, 0x00000000d0300000, 0x00000000d0300000|100%|HC|  |TAMS 0x00000000d0300000, 0x00000000d0200000| Complete 
|   3|0x00000000d0300000, 0x00000000d0400000, 0x00000000d0400000|100%|HC|  |TAMS 0x00000000d0400000, 0x00000000d0300000| Complete 
|   4|0x00000000d0400000, 0x00000000d0500000, 0x00000000d0500000|100%|HC|  |TAMS 0x00000000d0500000, 0x00000000d0400000| Complete 
|   5|0x00000000d0500000, 0x00000000d0600000, 0x00000000d0600000|100%| O|  |TAMS 0x00000000d0600000, 0x00000000d0500000| Untracked 
|   6|0x00000000d0600000, 0x00000000d0700000, 0x00000000d0700000|100%| O|  |TAMS 0x00000000d0700000, 0x00000000d0600000| Untracked 
|   7|0x00000000d0700000, 0x00000000d0800000, 0x00000000d0800000|100%| O|  |TAMS 0x00000000d0800000, 0x00000000d0700000| Untracked 
|   8|0x00000000d0800000, 0x00000000d0900000, 0x00000000d0900000|100%| O|  |TAMS 0x00000000d0900000, 0x00000000d0800000| Untracked 
|   9|0x00000000d0900000, 0x00000000d0a00000, 0x00000000d0a00000|100%| O|  |TAMS 0x00000000d0a00000, 0x00000000d0900000| Untracked 
|  10|0x00000000d0a00000, 0x00000000d0b00000, 0x00000000d0b00000|100%|HS|  |TAMS 0x00000000d0b00000, 0x00000000d0a00000| Complete 
|  11|0x00000000d0b00000, 0x00000000d0c00000, 0x00000000d0c00000|100%| O|  |TAMS 0x00000000d0c00000, 0x00000000d0b00000| Untracked 
|  12|0x00000000d0c00000, 0x00000000d0d00000, 0x00000000d0d00000|100%| O|  |TAMS 0x00000000d0d00000, 0x00000000d0c00000| Untracked 
|  13|0x00000000d0d00000, 0x00000000d0e00000, 0x00000000d0e00000|100%| O|  |TAMS 0x00000000d0e00000, 0x00000000d0d00000| Untracked 
|  14|0x00000000d0e00000, 0x00000000d0f00000, 0x00000000d0f00000|100%| O|  |TAMS 0x00000000d0f00000, 0x00000000d0e00000| Untracked 
|  15|0x00000000d0f00000, 0x00000000d1000000, 0x00000000d1000000|100%| O|  |TAMS 0x00000000d1000000, 0x00000000d0f00000| Untracked 
|  16|0x00000000d1000000, 0x00000000d1100000, 0x00000000d1100000|100%| O|  |TAMS 0x00000000d1100000, 0x00000000d1000000| Untracked 
|  17|0x00000000d1100000, 0x00000000d1200000, 0x00000000d1200000|100%| O|  |TAMS 0x00000000d1200000, 0x00000000d1100000| Untracked 
|  18|0x00000000d1200000, 0x00000000d1300000, 0x00000000d1300000|100%| O|  |TAMS 0x00000000d1300000, 0x00000000d1200000| Untracked 
|  19|0x00000000d1300000, 0x00000000d1400000, 0x00000000d1400000|100%| O|  |TAMS 0x00000000d1400000, 0x00000000d1300000| Untracked 
|  20|0x00000000d1400000, 0x00000000d1500000, 0x00000000d1500000|100%| O|  |TAMS 0x00000000d1500000, 0x00000000d1400000| Untracked 
|  21|0x00000000d1500000, 0x00000000d1600000, 0x00000000d1600000|100%| O|  |TAMS 0x00000000d1600000, 0x00000000d1500000| Untracked 
|  22|0x00000000d1600000, 0x00000000d1700000, 0x00000000d1700000|100%| O|  |TAMS 0x00000000d1700000, 0x00000000d1600000| Untracked 
|  23|0x00000000d1700000, 0x00000000d1800000, 0x00000000d1800000|100%| O|  |TAMS 0x00000000d1800000, 0x00000000d1700000| Untracked 
|  24|0x00000000d1800000, 0x00000000d1900000, 0x00000000d1900000|100%| O|  |TAMS 0x00000000d1900000, 0x00000000d1800000| Untracked 
|  25|0x00000000d1900000, 0x00000000d1a00000, 0x00000000d1a00000|100%| O|  |TAMS 0x00000000d1a00000, 0x00000000d1900000| Untracked 
|  26|0x00000000d1a00000, 0x00000000d1b00000, 0x00000000d1b00000|100%| O|  |TAMS 0x00000000d1b00000, 0x00000000d1a00000| Untracked 
|  27|0x00000000d1b00000, 0x00000000d1c00000, 0x00000000d1c00000|100%| O|  |TAMS 0x00000000d1c00000, 0x00000000d1b00000| Untracked 
|  28|0x00000000d1c00000, 0x00000000d1d00000, 0x00000000d1d00000|100%| O|  |TAMS 0x00000000d1d00000, 0x00000000d1c00000| Untracked 
|  29|0x00000000d1d00000, 0x00000000d1e00000, 0x00000000d1e00000|100%| O|  |TAMS 0x00000000d1e00000, 0x00000000d1d00000| Untracked 
|  30|0x00000000d1e00000, 0x00000000d1f00000, 0x00000000d1f00000|100%| O|  |TAMS 0x00000000d1f00000, 0x00000000d1e00000| Untracked 
|  31|0x00000000d1f00000, 0x00000000d2000000, 0x00000000d2000000|100%| O|  |TAMS 0x00000000d2000000, 0x00000000d1f00000| Untracked 
|  32|0x00000000d2000000, 0x00000000d2100000, 0x00000000d2100000|100%| O|  |TAMS 0x00000000d2100000, 0x00000000d2000000| Untracked 
|  33|0x00000000d2100000, 0x00000000d2200000, 0x00000000d2200000|100%| O|  |TAMS 0x00000000d2200000, 0x00000000d2100000| Untracked 
|  34|0x00000000d2200000, 0x00000000d2300000, 0x00000000d2300000|100%| O|  |TAMS 0x00000000d2300000, 0x00000000d2200000| Untracked 
|  35|0x00000000d2300000, 0x00000000d2400000, 0x00000000d2400000|100%| O|  |TAMS 0x00000000d2400000, 0x00000000d2300000| Untracked 
|  36|0x00000000d2400000, 0x00000000d2500000, 0x00000000d2500000|100%|HS|  |TAMS 0x00000000d2500000, 0x00000000d2400000| Complete 
|  37|0x00000000d2500000, 0x00000000d2600000, 0x00000000d2600000|100%|HS|  |TAMS 0x00000000d2600000, 0x00000000d2500000| Complete 
|  38|0x00000000d2600000, 0x00000000d2700000, 0x00000000d2700000|100%|HC|  |TAMS 0x00000000d2700000, 0x00000000d2600000| Complete 
|  39|0x00000000d2700000, 0x00000000d2800000, 0x00000000d2800000|100%|HS|  |TAMS 0x00000000d2800000, 0x00000000d2700000| Complete 
|  40|0x00000000d2800000, 0x00000000d2900000, 0x00000000d2900000|100%|HS|  |TAMS 0x00000000d2900000, 0x00000000d2800000| Complete 
|  41|0x00000000d2900000, 0x00000000d2a00000, 0x00000000d2a00000|100%|HS|  |TAMS 0x00000000d2a00000, 0x00000000d2900000| Complete 
|  42|0x00000000d2a00000, 0x00000000d2b00000, 0x00000000d2b00000|100%|HC|  |TAMS 0x00000000d2b00000, 0x00000000d2a00000| Complete 
|  43|0x00000000d2b00000, 0x00000000d2c00000, 0x00000000d2c00000|100%|HC|  |TAMS 0x00000000d2c00000, 0x00000000d2b00000| Complete 
|  44|0x00000000d2c00000, 0x00000000d2d00000, 0x00000000d2d00000|100%|HC|  |TAMS 0x00000000d2d00000, 0x00000000d2c00000| Complete 
|  45|0x00000000d2d00000, 0x00000000d2e00000, 0x00000000d2e00000|100%| O|  |TAMS 0x00000000d2e00000, 0x00000000d2d00000| Untracked 
|  46|0x00000000d2e00000, 0x00000000d2f00000, 0x00000000d2f00000|100%|HS|  |TAMS 0x00000000d2f00000, 0x00000000d2e00000| Complete 
|  47|0x00000000d2f00000, 0x00000000d3000000, 0x00000000d3000000|100%|HC|  |TAMS 0x00000000d3000000, 0x00000000d2f00000| Complete 
|  48|0x00000000d3000000, 0x00000000d3100000, 0x00000000d3100000|100%|HS|  |TAMS 0x00000000d3100000, 0x00000000d3000000| Complete 
|  49|0x00000000d3100000, 0x00000000d3200000, 0x00000000d3200000|100%|HS|  |TAMS 0x00000000d3200000, 0x00000000d3100000| Complete 
|  50|0x00000000d3200000, 0x00000000d3300000, 0x00000000d3300000|100%| O|  |TAMS 0x00000000d3300000, 0x00000000d3200000| Untracked 
|  51|0x00000000d3300000, 0x00000000d3400000, 0x00000000d3400000|100%|HS|  |TAMS 0x00000000d3400000, 0x00000000d3300000| Complete 
|  52|0x00000000d3400000, 0x00000000d3500000, 0x00000000d3500000|100%|HC|  |TAMS 0x00000000d3500000, 0x00000000d3400000| Complete 
|  53|0x00000000d3500000, 0x00000000d3600000, 0x00000000d3600000|100%|HC|  |TAMS 0x00000000d3600000, 0x00000000d3500000| Complete 
|  54|0x00000000d3600000, 0x00000000d3700000, 0x00000000d3700000|100%|HC|  |TAMS 0x00000000d3700000, 0x00000000d3600000| Complete 
|  55|0x00000000d3700000, 0x00000000d3800000, 0x00000000d3800000|100%| O|  |TAMS 0x00000000d3800000, 0x00000000d3700000| Untracked 
|  56|0x00000000d3800000, 0x00000000d3900000, 0x00000000d3900000|100%| O|  |TAMS 0x00000000d3900000, 0x00000000d3800000| Untracked 
|  57|0x00000000d3900000, 0x00000000d3a00000, 0x00000000d3a00000|100%| O|  |TAMS 0x00000000d3a00000, 0x00000000d3900000| Untracked 
|  58|0x00000000d3a00000, 0x00000000d3b00000, 0x00000000d3b00000|100%| O|  |TAMS 0x00000000d3b00000, 0x00000000d3a00000| Untracked 
|  59|0x00000000d3b00000, 0x00000000d3c00000, 0x00000000d3c00000|100%| O|  |TAMS 0x00000000d3c00000, 0x00000000d3b00000| Untracked 
|  60|0x00000000d3c00000, 0x00000000d3d00000, 0x00000000d3d00000|100%| O|  |TAMS 0x00000000d3d00000, 0x00000000d3c00000| Untracked 
|  61|0x00000000d3d00000, 0x00000000d3e00000, 0x00000000d3e00000|100%| O|  |TAMS 0x00000000d3e00000, 0x00000000d3d00000| Untracked 
|  62|0x00000000d3e00000, 0x00000000d3f00000, 0x00000000d3f00000|100%| O|  |TAMS 0x00000000d3f00000, 0x00000000d3e00000| Untracked 
|  63|0x00000000d3f00000, 0x00000000d4000000, 0x00000000d4000000|100%| O|  |TAMS 0x00000000d4000000, 0x00000000d3f00000| Untracked 
|  64|0x00000000d4000000, 0x00000000d4100000, 0x00000000d4100000|100%| O|  |TAMS 0x00000000d4100000, 0x00000000d4000000| Untracked 
|  65|0x00000000d4100000, 0x00000000d4200000, 0x00000000d4200000|100%| O|  |TAMS 0x00000000d4200000, 0x00000000d4100000| Untracked 
|  66|0x00000000d4200000, 0x00000000d4300000, 0x00000000d4300000|100%| O|  |TAMS 0x00000000d4300000, 0x00000000d4200000| Untracked 
|  67|0x00000000d4300000, 0x00000000d4400000, 0x00000000d4400000|100%| O|  |TAMS 0x00000000d4400000, 0x00000000d4300000| Untracked 
|  68|0x00000000d4400000, 0x00000000d4500000, 0x00000000d4500000|100%| O|  |TAMS 0x00000000d4500000, 0x00000000d4400000| Untracked 
|  69|0x00000000d4500000, 0x00000000d4600000, 0x00000000d4600000|100%| O|  |TAMS 0x00000000d4600000, 0x00000000d4500000| Untracked 
|  70|0x00000000d4600000, 0x00000000d4700000, 0x00000000d4700000|100%| O|  |TAMS 0x00000000d4700000, 0x00000000d4600000| Untracked 
|  71|0x00000000d4700000, 0x00000000d4800000, 0x00000000d4800000|100%| O|  |TAMS 0x00000000d4800000, 0x00000000d4700000| Untracked 
|  72|0x00000000d4800000, 0x00000000d4900000, 0x00000000d4900000|100%| O|  |TAMS 0x00000000d4900000, 0x00000000d4800000| Untracked 
|  73|0x00000000d4900000, 0x00000000d4a00000, 0x00000000d4a00000|100%| O|  |TAMS 0x00000000d4a00000, 0x00000000d4900000| Untracked 
|  74|0x00000000d4a00000, 0x00000000d4b00000, 0x00000000d4b00000|100%| O|  |TAMS 0x00000000d4b00000, 0x00000000d4a00000| Untracked 
|  75|0x00000000d4b00000, 0x00000000d4c00000, 0x00000000d4c00000|100%| O|  |TAMS 0x00000000d4c00000, 0x00000000d4b00000| Untracked 
|  76|0x00000000d4c00000, 0x00000000d4d00000, 0x00000000d4d00000|100%| O|  |TAMS 0x00000000d4d00000, 0x00000000d4c00000| Untracked 
|  77|0x00000000d4d00000, 0x00000000d4e00000, 0x00000000d4e00000|100%| O|  |TAMS 0x00000000d4e00000, 0x00000000d4d00000| Untracked 
|  78|0x00000000d4e00000, 0x00000000d4f00000, 0x00000000d4f00000|100%| O|  |TAMS 0x00000000d4f00000, 0x00000000d4e00000| Untracked 
|  79|0x00000000d4f00000, 0x00000000d5000000, 0x00000000d5000000|100%| O|  |TAMS 0x00000000d5000000, 0x00000000d4f00000| Untracked 
|  80|0x00000000d5000000, 0x00000000d5100000, 0x00000000d5100000|100%| O|  |TAMS 0x00000000d5100000, 0x00000000d5000000| Untracked 
|  81|0x00000000d5100000, 0x00000000d5200000, 0x00000000d5200000|100%| O|  |TAMS 0x00000000d5200000, 0x00000000d5100000| Untracked 
|  82|0x00000000d5200000, 0x00000000d5300000, 0x00000000d5300000|100%| O|  |TAMS 0x00000000d5300000, 0x00000000d5200000| Untracked 
|  83|0x00000000d5300000, 0x00000000d5400000, 0x00000000d5400000|100%| O|  |TAMS 0x00000000d5400000, 0x00000000d5300000| Untracked 
|  84|0x00000000d5400000, 0x00000000d5500000, 0x00000000d5500000|100%| O|  |TAMS 0x00000000d5500000, 0x00000000d5400000| Untracked 
|  85|0x00000000d5500000, 0x00000000d5600000, 0x00000000d5600000|100%| O|  |TAMS 0x00000000d5600000, 0x00000000d5500000| Untracked 
|  86|0x00000000d5600000, 0x00000000d5700000, 0x00000000d5700000|100%| O|  |TAMS 0x00000000d5700000, 0x00000000d5600000| Untracked 
|  87|0x00000000d5700000, 0x00000000d5800000, 0x00000000d5800000|100%| O|  |TAMS 0x00000000d5800000, 0x00000000d5700000| Untracked 
|  88|0x00000000d5800000, 0x00000000d5900000, 0x00000000d5900000|100%| O|  |TAMS 0x00000000d5900000, 0x00000000d5800000| Untracked 
|  89|0x00000000d5900000, 0x00000000d5a00000, 0x00000000d5a00000|100%| O|  |TAMS 0x00000000d5a00000, 0x00000000d5900000| Untracked 
|  90|0x00000000d5a00000, 0x00000000d5b00000, 0x00000000d5b00000|100%| O|  |TAMS 0x00000000d5b00000, 0x00000000d5a00000| Untracked 
|  91|0x00000000d5b00000, 0x00000000d5c00000, 0x00000000d5c00000|100%|HS|  |TAMS 0x00000000d5c00000, 0x00000000d5b00000| Complete 
|  92|0x00000000d5c00000, 0x00000000d5d00000, 0x00000000d5d00000|100%|HC|  |TAMS 0x00000000d5d00000, 0x00000000d5c00000| Complete 
|  93|0x00000000d5d00000, 0x00000000d5e00000, 0x00000000d5e00000|100%|HC|  |TAMS 0x00000000d5e00000, 0x00000000d5d00000| Complete 
|  94|0x00000000d5e00000, 0x00000000d5f00000, 0x00000000d5f00000|100%| O|  |TAMS 0x00000000d5f00000, 0x00000000d5e00000| Untracked 
|  95|0x00000000d5f00000, 0x00000000d6000000, 0x00000000d6000000|100%| O|  |TAMS 0x00000000d6000000, 0x00000000d5f00000| Untracked 
|  96|0x00000000d6000000, 0x00000000d6100000, 0x00000000d6100000|100%|HS|  |TAMS 0x00000000d6100000, 0x00000000d6000000| Complete 
|  97|0x00000000d6100000, 0x00000000d6200000, 0x00000000d6200000|100%|HC|  |TAMS 0x00000000d6200000, 0x00000000d6100000| Complete 
|  98|0x00000000d6200000, 0x00000000d6300000, 0x00000000d6300000|100%|HC|  |TAMS 0x00000000d6300000, 0x00000000d6200000| Complete 
|  99|0x00000000d6300000, 0x00000000d6400000, 0x00000000d6400000|100%|HC|  |TAMS 0x00000000d6400000, 0x00000000d6300000| Complete 
| 100|0x00000000d6400000, 0x00000000d6500000, 0x00000000d6500000|100%|HS|  |TAMS 0x00000000d6400000, 0x00000000d6400000| Complete 
| 101|0x00000000d6500000, 0x00000000d6600000, 0x00000000d6600000|100%|HS|  |TAMS 0x00000000d6500000, 0x00000000d6500000| Complete 
| 102|0x00000000d6600000, 0x00000000d6700000, 0x00000000d6700000|100%| O|  |TAMS 0x00000000d6700000, 0x00000000d6600000| Untracked 
| 103|0x00000000d6700000, 0x00000000d6700000, 0x00000000d6800000|  0%| F|  |TAMS 0x00000000d6700000, 0x00000000d6700000| Untracked 
| 104|0x00000000d6800000, 0x00000000d6900000, 0x00000000d6900000|100%| O|  |TAMS 0x00000000d6900000, 0x00000000d6800000| Untracked 
| 105|0x00000000d6900000, 0x00000000d6a00000, 0x00000000d6a00000|100%| O|  |TAMS 0x00000000d6a00000, 0x00000000d6900000| Untracked 
| 106|0x00000000d6a00000, 0x00000000d6b00000, 0x00000000d6b00000|100%| O|  |TAMS 0x00000000d6b00000, 0x00000000d6a00000| Untracked 
| 107|0x00000000d6b00000, 0x00000000d6c00000, 0x00000000d6c00000|100%|HS|  |TAMS 0x00000000d6c00000, 0x00000000d6b00000| Complete 
| 108|0x00000000d6c00000, 0x00000000d6d00000, 0x00000000d6d00000|100%|HS|  |TAMS 0x00000000d6d00000, 0x00000000d6c00000| Complete 
| 109|0x00000000d6d00000, 0x00000000d6e00000, 0x00000000d6e00000|100%|HC|  |TAMS 0x00000000d6e00000, 0x00000000d6d00000| Complete 
| 110|0x00000000d6e00000, 0x00000000d6f00000, 0x00000000d6f00000|100%|HC|  |TAMS 0x00000000d6f00000, 0x00000000d6e00000| Complete 
| 111|0x00000000d6f00000, 0x00000000d7000000, 0x00000000d7000000|100%|HS|  |TAMS 0x00000000d7000000, 0x00000000d6f00000| Complete 
| 112|0x00000000d7000000, 0x00000000d7100000, 0x00000000d7100000|100%|HC|  |TAMS 0x00000000d7100000, 0x00000000d7000000| Complete 
| 113|0x00000000d7100000, 0x00000000d7200000, 0x00000000d7200000|100%|HS|  |TAMS 0x00000000d7200000, 0x00000000d7100000| Complete 
| 114|0x00000000d7200000, 0x00000000d7300000, 0x00000000d7300000|100%|HC|  |TAMS 0x00000000d7300000, 0x00000000d7200000| Complete 
| 115|0x00000000d7300000, 0x00000000d7400000, 0x00000000d7400000|100%|HS|  |TAMS 0x00000000d7400000, 0x00000000d7300000| Complete 
| 116|0x00000000d7400000, 0x00000000d7500000, 0x00000000d7500000|100%|HC|  |TAMS 0x00000000d7500000, 0x00000000d7400000| Complete 
| 117|0x00000000d7500000, 0x00000000d7600000, 0x00000000d7600000|100%|HS|  |TAMS 0x00000000d7600000, 0x00000000d7500000| Complete 
| 118|0x00000000d7600000, 0x00000000d7700000, 0x00000000d7700000|100%|HC|  |TAMS 0x00000000d7700000, 0x00000000d7600000| Complete 
| 119|0x00000000d7700000, 0x00000000d7800000, 0x00000000d7800000|100%|HS|  |TAMS 0x00000000d7800000, 0x00000000d7700000| Complete 
| 120|0x00000000d7800000, 0x00000000d7900000, 0x00000000d7900000|100%|HC|  |TAMS 0x00000000d7900000, 0x00000000d7800000| Complete 
| 121|0x00000000d7900000, 0x00000000d7a00000, 0x00000000d7a00000|100%|HC|  |TAMS 0x00000000d7a00000, 0x00000000d7900000| Complete 
| 122|0x00000000d7a00000, 0x00000000d7b00000, 0x00000000d7b00000|100%| O|  |TAMS 0x00000000d7a00000, 0x00000000d7a00000| Untracked 
| 123|0x00000000d7b00000, 0x00000000d7c00000, 0x00000000d7c00000|100%|HS|  |TAMS 0x00000000d7c00000, 0x00000000d7b00000| Complete 
| 124|0x00000000d7c00000, 0x00000000d7d00000, 0x00000000d7d00000|100%| O|  |TAMS 0x00000000d7d00000, 0x00000000d7c00000| Untracked 
| 125|0x00000000d7d00000, 0x00000000d7e00000, 0x00000000d7e00000|100%| O|  |TAMS 0x00000000d7e00000, 0x00000000d7d00000| Untracked 
| 126|0x00000000d7e00000, 0x00000000d7f00000, 0x00000000d7f00000|100%| O|  |TAMS 0x00000000d7f00000, 0x00000000d7e00000| Untracked 
| 127|0x00000000d7f00000, 0x00000000d8000000, 0x00000000d8000000|100%| O|  |TAMS 0x00000000d8000000, 0x00000000d7f00000| Untracked 
| 128|0x00000000d8000000, 0x00000000d8100000, 0x00000000d8100000|100%| O|  |TAMS 0x00000000d8000000, 0x00000000d8000000| Untracked 
| 129|0x00000000d8100000, 0x00000000d8200000, 0x00000000d8200000|100%| O|  |TAMS 0x00000000d8100000, 0x00000000d8100000| Untracked 
| 130|0x00000000d8200000, 0x00000000d8300000, 0x00000000d8300000|100%| O|  |TAMS 0x00000000d8200000, 0x00000000d8200000| Untracked 
| 131|0x00000000d8300000, 0x00000000d8400000, 0x00000000d8400000|100%| O|  |TAMS 0x00000000d8300000, 0x00000000d8300000| Untracked 
| 132|0x00000000d8400000, 0x00000000d8500000, 0x00000000d8500000|100%| O|  |TAMS 0x00000000d8500000, 0x00000000d8400000| Untracked 
| 133|0x00000000d8500000, 0x00000000d8600000, 0x00000000d8600000|100%| O|  |TAMS 0x00000000d8500000, 0x00000000d8500000| Untracked 
| 134|0x00000000d8600000, 0x00000000d8700000, 0x00000000d8700000|100%| O|  |TAMS 0x00000000d8700000, 0x00000000d8600000| Untracked 
| 135|0x00000000d8700000, 0x00000000d8800000, 0x00000000d8800000|100%| O|  |TAMS 0x00000000d8800000, 0x00000000d8700000| Untracked 
| 136|0x00000000d8800000, 0x00000000d8900000, 0x00000000d8900000|100%| O|  |TAMS 0x00000000d8900000, 0x00000000d8800000| Untracked 
| 137|0x00000000d8900000, 0x00000000d8a00000, 0x00000000d8a00000|100%| O|  |TAMS 0x00000000d8a00000, 0x00000000d8900000| Untracked 
| 138|0x00000000d8a00000, 0x00000000d8b00000, 0x00000000d8b00000|100%| O|  |TAMS 0x00000000d8b00000, 0x00000000d8a00000| Untracked 
| 139|0x00000000d8b00000, 0x00000000d8c00000, 0x00000000d8c00000|100%| O|  |TAMS 0x00000000d8c00000, 0x00000000d8b00000| Untracked 
| 140|0x00000000d8c00000, 0x00000000d8d00000, 0x00000000d8d00000|100%| O|  |TAMS 0x00000000d8c00000, 0x00000000d8c00000| Untracked 
| 141|0x00000000d8d00000, 0x00000000d8e00000, 0x00000000d8e00000|100%| O|  |TAMS 0x00000000d8d00000, 0x00000000d8d00000| Untracked 
| 142|0x00000000d8e00000, 0x00000000d8f00000, 0x00000000d8f00000|100%| O|  |TAMS 0x00000000d8e00000, 0x00000000d8e00000| Untracked 
| 143|0x00000000d8f00000, 0x00000000d9000000, 0x00000000d9000000|100%| O|  |TAMS 0x00000000d9000000, 0x00000000d8f00000| Untracked 
| 144|0x00000000d9000000, 0x00000000d9100000, 0x00000000d9100000|100%| O|  |TAMS 0x00000000d9000000, 0x00000000d9000000| Untracked 
| 145|0x00000000d9100000, 0x00000000d9200000, 0x00000000d9200000|100%| O|  |TAMS 0x00000000d9200000, 0x00000000d9100000| Untracked 
| 146|0x00000000d9200000, 0x00000000d9300000, 0x00000000d9300000|100%| O|  |TAMS 0x00000000d9300000, 0x00000000d9200000| Untracked 
| 147|0x00000000d9300000, 0x00000000d9400000, 0x00000000d9400000|100%| O|  |TAMS 0x00000000d9400000, 0x00000000d9300000| Untracked 
| 148|0x00000000d9400000, 0x00000000d9500000, 0x00000000d9500000|100%| O|  |TAMS 0x00000000d9500000, 0x00000000d9400000| Untracked 
| 149|0x00000000d9500000, 0x00000000d9600000, 0x00000000d9600000|100%| O|  |TAMS 0x00000000d9600000, 0x00000000d9500000| Untracked 
| 150|0x00000000d9600000, 0x00000000d9700000, 0x00000000d9700000|100%| O|  |TAMS 0x00000000d9700000, 0x00000000d9600000| Untracked 
| 151|0x00000000d9700000, 0x00000000d9800000, 0x00000000d9800000|100%| O|  |TAMS 0x00000000d9700000, 0x00000000d9700000| Untracked 
| 152|0x00000000d9800000, 0x00000000d9900000, 0x00000000d9900000|100%| O|  |TAMS 0x00000000d9800000, 0x00000000d9800000| Untracked 
| 153|0x00000000d9900000, 0x00000000d9a00000, 0x00000000d9a00000|100%| O|  |TAMS 0x00000000d9900000, 0x00000000d9900000| Untracked 
| 154|0x00000000d9a00000, 0x00000000d9b00000, 0x00000000d9b00000|100%|HS|  |TAMS 0x00000000d9b00000, 0x00000000d9a00000| Complete 
| 155|0x00000000d9b00000, 0x00000000d9c00000, 0x00000000d9c00000|100%|HC|  |TAMS 0x00000000d9c00000, 0x00000000d9b00000| Complete 
| 156|0x00000000d9c00000, 0x00000000d9d00000, 0x00000000d9d00000|100%| O|  |TAMS 0x00000000d9d00000, 0x00000000d9c00000| Untracked 
| 157|0x00000000d9d00000, 0x00000000d9e00000, 0x00000000d9e00000|100%| O|  |TAMS 0x00000000d9d00000, 0x00000000d9d00000| Untracked 
| 158|0x00000000d9e00000, 0x00000000d9e38400, 0x00000000d9f00000| 21%| O|  |TAMS 0x00000000d9e00000, 0x00000000d9e00000| Untracked 
| 159|0x00000000d9f00000, 0x00000000da000000, 0x00000000da000000|100%| O|  |TAMS 0x00000000da000000, 0x00000000d9f00000| Untracked 
| 160|0x00000000da000000, 0x00000000da100000, 0x00000000da100000|100%| O|  |TAMS 0x00000000da100000, 0x00000000da000000| Untracked 
| 161|0x00000000da100000, 0x00000000da200000, 0x00000000da200000|100%| O|  |TAMS 0x00000000da200000, 0x00000000da100000| Untracked 
| 162|0x00000000da200000, 0x00000000da300000, 0x00000000da300000|100%|HS|  |TAMS 0x00000000da200000, 0x00000000da200000| Complete 
| 163|0x00000000da300000, 0x00000000da400000, 0x00000000da400000|100%|HC|  |TAMS 0x00000000da300000, 0x00000000da300000| Complete 
| 164|0x00000000da400000, 0x00000000da500000, 0x00000000da500000|100%| O|  |TAMS 0x00000000da500000, 0x00000000da400000| Untracked 
| 165|0x00000000da500000, 0x00000000da600000, 0x00000000da600000|100%| O|  |TAMS 0x00000000da600000, 0x00000000da500000| Untracked 
| 166|0x00000000da600000, 0x00000000da700000, 0x00000000da700000|100%| O|  |TAMS 0x00000000da700000, 0x00000000da600000| Untracked 
| 167|0x00000000da700000, 0x00000000da700000, 0x00000000da800000|  0%| F|  |TAMS 0x00000000da700000, 0x00000000da700000| Untracked 
| 168|0x00000000da800000, 0x00000000da800000, 0x00000000da900000|  0%| F|  |TAMS 0x00000000da800000, 0x00000000da800000| Untracked 
| 169|0x00000000da900000, 0x00000000daa00000, 0x00000000daa00000|100%| O|  |TAMS 0x00000000daa00000, 0x00000000da900000| Untracked 
| 170|0x00000000daa00000, 0x00000000dab00000, 0x00000000dab00000|100%| O|  |TAMS 0x00000000dab00000, 0x00000000daa00000| Untracked 
| 171|0x00000000dab00000, 0x00000000dac00000, 0x00000000dac00000|100%| O|  |TAMS 0x00000000dac00000, 0x00000000dab00000| Untracked 
| 172|0x00000000dac00000, 0x00000000dac00000, 0x00000000dad00000|  0%| F|  |TAMS 0x00000000dac00000, 0x00000000dac00000| Untracked 
| 173|0x00000000dad00000, 0x00000000dad00000, 0x00000000dae00000|  0%| F|  |TAMS 0x00000000dad00000, 0x00000000dad00000| Untracked 
| 174|0x00000000dae00000, 0x00000000daf00000, 0x00000000daf00000|100%| O|  |TAMS 0x00000000daf00000, 0x00000000dae00000| Untracked 
| 175|0x00000000daf00000, 0x00000000db000000, 0x00000000db000000|100%| O|  |TAMS 0x00000000db000000, 0x00000000daf00000| Untracked 
| 176|0x00000000db000000, 0x00000000db100000, 0x00000000db100000|100%| O|  |TAMS 0x00000000db100000, 0x00000000db000000| Untracked 
| 177|0x00000000db100000, 0x00000000db200000, 0x00000000db200000|100%| O|  |TAMS 0x00000000db200000, 0x00000000db100000| Untracked 
| 178|0x00000000db200000, 0x00000000db300000, 0x00000000db300000|100%| O|  |TAMS 0x00000000db300000, 0x00000000db200000| Untracked 
| 179|0x00000000db300000, 0x00000000db400000, 0x00000000db400000|100%| O|  |TAMS 0x00000000db400000, 0x00000000db300000| Untracked 
| 180|0x00000000db400000, 0x00000000db400000, 0x00000000db500000|  0%| F|  |TAMS 0x00000000db400000, 0x00000000db400000| Untracked 
| 181|0x00000000db500000, 0x00000000db500000, 0x00000000db600000|  0%| F|  |TAMS 0x00000000db500000, 0x00000000db500000| Untracked 
| 182|0x00000000db600000, 0x00000000db600000, 0x00000000db700000|  0%| F|  |TAMS 0x00000000db600000, 0x00000000db600000| Untracked 
| 183|0x00000000db700000, 0x00000000db800000, 0x00000000db800000|100%| O|  |TAMS 0x00000000db800000, 0x00000000db700000| Untracked 
| 184|0x00000000db800000, 0x00000000db900000, 0x00000000db900000|100%| O|  |TAMS 0x00000000db900000, 0x00000000db800000| Untracked 
| 185|0x00000000db900000, 0x00000000dba00000, 0x00000000dba00000|100%| O|  |TAMS 0x00000000dba00000, 0x00000000db900000| Untracked 
| 186|0x00000000dba00000, 0x00000000dbb00000, 0x00000000dbb00000|100%| O|  |TAMS 0x00000000dbb00000, 0x00000000dba00000| Untracked 
| 187|0x00000000dbb00000, 0x00000000dbc00000, 0x00000000dbc00000|100%| O|  |TAMS 0x00000000dbc00000, 0x00000000dbb00000| Untracked 
| 188|0x00000000dbc00000, 0x00000000dbd00000, 0x00000000dbd00000|100%| O|  |TAMS 0x00000000dbd00000, 0x00000000dbc00000| Untracked 
| 189|0x00000000dbd00000, 0x00000000dbe00000, 0x00000000dbe00000|100%| O|  |TAMS 0x00000000dbe00000, 0x00000000dbd00000| Untracked 
| 190|0x00000000dbe00000, 0x00000000dbf00000, 0x00000000dbf00000|100%| O|  |TAMS 0x00000000dbf00000, 0x00000000dbe00000| Untracked 
| 191|0x00000000dbf00000, 0x00000000dc000000, 0x00000000dc000000|100%| O|  |TAMS 0x00000000dc000000, 0x00000000dbf00000| Untracked 
| 192|0x00000000dc000000, 0x00000000dc100000, 0x00000000dc100000|100%| O|  |TAMS 0x00000000dc100000, 0x00000000dc000000| Untracked 
| 193|0x00000000dc100000, 0x00000000dc200000, 0x00000000dc200000|100%| O|  |TAMS 0x00000000dc200000, 0x00000000dc100000| Untracked 
| 194|0x00000000dc200000, 0x00000000dc300000, 0x00000000dc300000|100%| O|  |TAMS 0x00000000dc300000, 0x00000000dc200000| Untracked 
| 195|0x00000000dc300000, 0x00000000dc400000, 0x00000000dc400000|100%| O|  |TAMS 0x00000000dc400000, 0x00000000dc300000| Untracked 
| 196|0x00000000dc400000, 0x00000000dc500000, 0x00000000dc500000|100%| O|  |TAMS 0x00000000dc500000, 0x00000000dc400000| Untracked 
| 197|0x00000000dc500000, 0x00000000dc600000, 0x00000000dc600000|100%| O|  |TAMS 0x00000000dc600000, 0x00000000dc500000| Untracked 
| 198|0x00000000dc600000, 0x00000000dc700000, 0x00000000dc700000|100%| O|  |TAMS 0x00000000dc700000, 0x00000000dc600000| Untracked 
| 199|0x00000000dc700000, 0x00000000dc800000, 0x00000000dc800000|100%| O|  |TAMS 0x00000000dc800000, 0x00000000dc700000| Untracked 
| 200|0x00000000dc800000, 0x00000000dc900000, 0x00000000dc900000|100%| O|  |TAMS 0x00000000dc900000, 0x00000000dc800000| Untracked 
| 201|0x00000000dc900000, 0x00000000dca00000, 0x00000000dca00000|100%| O|  |TAMS 0x00000000dca00000, 0x00000000dc900000| Untracked 
| 202|0x00000000dca00000, 0x00000000dcb00000, 0x00000000dcb00000|100%| O|  |TAMS 0x00000000dcb00000, 0x00000000dca00000| Untracked 
| 203|0x00000000dcb00000, 0x00000000dcc00000, 0x00000000dcc00000|100%| O|  |TAMS 0x00000000dcc00000, 0x00000000dcb00000| Untracked 
| 204|0x00000000dcc00000, 0x00000000dcd00000, 0x00000000dcd00000|100%| O|  |TAMS 0x00000000dcd00000, 0x00000000dcc00000| Untracked 
| 205|0x00000000dcd00000, 0x00000000dce00000, 0x00000000dce00000|100%| O|  |TAMS 0x00000000dce00000, 0x00000000dcd00000| Untracked 
| 206|0x00000000dce00000, 0x00000000dcf00000, 0x00000000dcf00000|100%| O|  |TAMS 0x00000000dcf00000, 0x00000000dce00000| Untracked 
| 207|0x00000000dcf00000, 0x00000000dd000000, 0x00000000dd000000|100%| O|  |TAMS 0x00000000dd000000, 0x00000000dcf00000| Untracked 
| 208|0x00000000dd000000, 0x00000000dd100000, 0x00000000dd100000|100%| O|  |TAMS 0x00000000dd100000, 0x00000000dd000000| Untracked 
| 209|0x00000000dd100000, 0x00000000dd200000, 0x00000000dd200000|100%| O|  |TAMS 0x00000000dd200000, 0x00000000dd100000| Untracked 
| 210|0x00000000dd200000, 0x00000000dd300000, 0x00000000dd300000|100%| O|  |TAMS 0x00000000dd300000, 0x00000000dd200000| Untracked 
| 211|0x00000000dd300000, 0x00000000dd400000, 0x00000000dd400000|100%| O|  |TAMS 0x00000000dd400000, 0x00000000dd300000| Untracked 
| 212|0x00000000dd400000, 0x00000000dd500000, 0x00000000dd500000|100%| O|  |TAMS 0x00000000dd500000, 0x00000000dd400000| Untracked 
| 213|0x00000000dd500000, 0x00000000dd500000, 0x00000000dd600000|  0%| F|  |TAMS 0x00000000dd500000, 0x00000000dd500000| Untracked 
| 214|0x00000000dd600000, 0x00000000dd700000, 0x00000000dd700000|100%| O|  |TAMS 0x00000000dd700000, 0x00000000dd600000| Untracked 
| 215|0x00000000dd700000, 0x00000000dd800000, 0x00000000dd800000|100%| O|  |TAMS 0x00000000dd800000, 0x00000000dd700000| Untracked 
| 216|0x00000000dd800000, 0x00000000dd900000, 0x00000000dd900000|100%| O|  |TAMS 0x00000000dd900000, 0x00000000dd800000| Untracked 
| 217|0x00000000dd900000, 0x00000000dda00000, 0x00000000dda00000|100%| O|  |TAMS 0x00000000dda00000, 0x00000000dd900000| Untracked 
| 218|0x00000000dda00000, 0x00000000ddb00000, 0x00000000ddb00000|100%| O|  |TAMS 0x00000000ddb00000, 0x00000000dda00000| Untracked 
| 219|0x00000000ddb00000, 0x00000000ddc00000, 0x00000000ddc00000|100%| O|  |TAMS 0x00000000ddc00000, 0x00000000ddb00000| Untracked 
| 220|0x00000000ddc00000, 0x00000000ddd00000, 0x00000000ddd00000|100%| O|  |TAMS 0x00000000ddd00000, 0x00000000ddc00000| Untracked 
| 221|0x00000000ddd00000, 0x00000000ddd00000, 0x00000000dde00000|  0%| F|  |TAMS 0x00000000ddd00000, 0x00000000ddd00000| Untracked 
| 222|0x00000000dde00000, 0x00000000ddf00000, 0x00000000ddf00000|100%| O|  |TAMS 0x00000000ddf00000, 0x00000000dde00000| Untracked 
| 223|0x00000000ddf00000, 0x00000000de000000, 0x00000000de000000|100%| O|  |TAMS 0x00000000de000000, 0x00000000ddf00000| Untracked 
| 224|0x00000000de000000, 0x00000000de100000, 0x00000000de100000|100%| O|  |TAMS 0x00000000de100000, 0x00000000de000000| Untracked 
| 225|0x00000000de100000, 0x00000000de200000, 0x00000000de200000|100%| O|  |TAMS 0x00000000de200000, 0x00000000de100000| Untracked 
| 226|0x00000000de200000, 0x00000000de300000, 0x00000000de300000|100%| O|  |TAMS 0x00000000de300000, 0x00000000de200000| Untracked 
| 227|0x00000000de300000, 0x00000000de400000, 0x00000000de400000|100%| O|  |TAMS 0x00000000de400000, 0x00000000de300000| Untracked 
| 228|0x00000000de400000, 0x00000000de500000, 0x00000000de500000|100%| O|  |TAMS 0x00000000de500000, 0x00000000de400000| Untracked 
| 229|0x00000000de500000, 0x00000000de600000, 0x00000000de600000|100%| O|  |TAMS 0x00000000de600000, 0x00000000de500000| Untracked 
| 230|0x00000000de600000, 0x00000000de700000, 0x00000000de700000|100%| O|  |TAMS 0x00000000de700000, 0x00000000de600000| Untracked 
| 231|0x00000000de700000, 0x00000000de800000, 0x00000000de800000|100%| O|  |TAMS 0x00000000de800000, 0x00000000de700000| Untracked 
| 232|0x00000000de800000, 0x00000000de900000, 0x00000000de900000|100%| O|  |TAMS 0x00000000de900000, 0x00000000de800000| Untracked 
| 233|0x00000000de900000, 0x00000000dea00000, 0x00000000dea00000|100%| O|  |TAMS 0x00000000dea00000, 0x00000000de900000| Untracked 
| 234|0x00000000dea00000, 0x00000000deb00000, 0x00000000deb00000|100%| O|  |TAMS 0x00000000deb00000, 0x00000000dea00000| Untracked 
| 235|0x00000000deb00000, 0x00000000dec00000, 0x00000000dec00000|100%| O|  |TAMS 0x00000000dec00000, 0x00000000deb00000| Untracked 
| 236|0x00000000dec00000, 0x00000000ded00000, 0x00000000ded00000|100%| O|  |TAMS 0x00000000ded00000, 0x00000000dec00000| Untracked 
| 237|0x00000000ded00000, 0x00000000dee00000, 0x00000000dee00000|100%| O|  |TAMS 0x00000000dee00000, 0x00000000ded00000| Untracked 
| 238|0x00000000dee00000, 0x00000000def00000, 0x00000000def00000|100%| O|  |TAMS 0x00000000def00000, 0x00000000dee00000| Untracked 
| 239|0x00000000def00000, 0x00000000df000000, 0x00000000df000000|100%| O|  |TAMS 0x00000000df000000, 0x00000000def00000| Untracked 
| 240|0x00000000df000000, 0x00000000df100000, 0x00000000df100000|100%| O|  |TAMS 0x00000000df100000, 0x00000000df000000| Untracked 
| 241|0x00000000df100000, 0x00000000df200000, 0x00000000df200000|100%| O|  |TAMS 0x00000000df200000, 0x00000000df100000| Untracked 
| 242|0x00000000df200000, 0x00000000df300000, 0x00000000df300000|100%| O|  |TAMS 0x00000000df300000, 0x00000000df200000| Untracked 
| 243|0x00000000df300000, 0x00000000df400000, 0x00000000df400000|100%| O|  |TAMS 0x00000000df400000, 0x00000000df300000| Untracked 
| 244|0x00000000df400000, 0x00000000df500000, 0x00000000df500000|100%| O|  |TAMS 0x00000000df500000, 0x00000000df400000| Untracked 
| 245|0x00000000df500000, 0x00000000df600000, 0x00000000df600000|100%| O|  |TAMS 0x00000000df600000, 0x00000000df500000| Untracked 
| 246|0x00000000df600000, 0x00000000df700000, 0x00000000df700000|100%| O|  |TAMS 0x00000000df700000, 0x00000000df600000| Untracked 
| 247|0x00000000df700000, 0x00000000df800000, 0x00000000df800000|100%| O|  |TAMS 0x00000000df800000, 0x00000000df700000| Untracked 
| 248|0x00000000df800000, 0x00000000df900000, 0x00000000df900000|100%| O|  |TAMS 0x00000000df900000, 0x00000000df800000| Untracked 
| 249|0x00000000df900000, 0x00000000dfa00000, 0x00000000dfa00000|100%| O|  |TAMS 0x00000000dfa00000, 0x00000000df900000| Untracked 
| 250|0x00000000dfa00000, 0x00000000dfb00000, 0x00000000dfb00000|100%| O|  |TAMS 0x00000000dfb00000, 0x00000000dfa00000| Untracked 
| 251|0x00000000dfb00000, 0x00000000dfc00000, 0x00000000dfc00000|100%| O|  |TAMS 0x00000000dfc00000, 0x00000000dfb00000| Untracked 
| 252|0x00000000dfc00000, 0x00000000dfd00000, 0x00000000dfd00000|100%| O|  |TAMS 0x00000000dfd00000, 0x00000000dfc00000| Untracked 
| 253|0x00000000dfd00000, 0x00000000dfe00000, 0x00000000dfe00000|100%| O|  |TAMS 0x00000000dfe00000, 0x00000000dfd00000| Untracked 
| 254|0x00000000dfe00000, 0x00000000dff00000, 0x00000000dff00000|100%| O|  |TAMS 0x00000000dff00000, 0x00000000dfe00000| Untracked 
| 255|0x00000000dff00000, 0x00000000e0000000, 0x00000000e0000000|100%| O|  |TAMS 0x00000000e0000000, 0x00000000dff00000| Untracked 
| 256|0x00000000e0000000, 0x00000000e0100000, 0x00000000e0100000|100%| O|  |TAMS 0x00000000e0100000, 0x00000000e0000000| Untracked 
| 257|0x00000000e0100000, 0x00000000e0200000, 0x00000000e0200000|100%| O|  |TAMS 0x00000000e0180000, 0x00000000e0100000| Untracked 
| 258|0x00000000e0200000, 0x00000000e0300000, 0x00000000e0300000|100%| O|  |TAMS 0x00000000e0200000, 0x00000000e0200000| Untracked 
| 259|0x00000000e0300000, 0x00000000e0400000, 0x00000000e0400000|100%| O|  |TAMS 0x00000000e0300000, 0x00000000e0300000| Untracked 
| 260|0x00000000e0400000, 0x00000000e0500000, 0x00000000e0500000|100%| O|  |TAMS 0x00000000e0400000, 0x00000000e0400000| Untracked 
| 261|0x00000000e0500000, 0x00000000e0600000, 0x00000000e0600000|100%| O|  |TAMS 0x00000000e0500000, 0x00000000e0500000| Untracked 
| 262|0x00000000e0600000, 0x00000000e0700000, 0x00000000e0700000|100%| O|  |TAMS 0x00000000e0600000, 0x00000000e0600000| Untracked 
| 263|0x00000000e0700000, 0x00000000e0800000, 0x00000000e0800000|100%| O|  |TAMS 0x00000000e0700000, 0x00000000e0700000| Untracked 
| 264|0x00000000e0800000, 0x00000000e0900000, 0x00000000e0900000|100%| O|  |TAMS 0x00000000e0800000, 0x00000000e0800000| Untracked 
| 265|0x00000000e0900000, 0x00000000e0a00000, 0x00000000e0a00000|100%| O|  |TAMS 0x00000000e0900000, 0x00000000e0900000| Untracked 
| 266|0x00000000e0a00000, 0x00000000e0b00000, 0x00000000e0b00000|100%| O|  |TAMS 0x00000000e0a00000, 0x00000000e0a00000| Untracked 
| 267|0x00000000e0b00000, 0x00000000e0c00000, 0x00000000e0c00000|100%| O|  |TAMS 0x00000000e0b00000, 0x00000000e0b00000| Untracked 
| 268|0x00000000e0c00000, 0x00000000e0d00000, 0x00000000e0d00000|100%| O|  |TAMS 0x00000000e0c00000, 0x00000000e0c00000| Untracked 
| 269|0x00000000e0d00000, 0x00000000e0e00000, 0x00000000e0e00000|100%| O|  |TAMS 0x00000000e0d00000, 0x00000000e0d00000| Untracked 
| 270|0x00000000e0e00000, 0x00000000e0f00000, 0x00000000e0f00000|100%| O|  |TAMS 0x00000000e0e00000, 0x00000000e0e00000| Untracked 
| 271|0x00000000e0f00000, 0x00000000e1000000, 0x00000000e1000000|100%| O|  |TAMS 0x00000000e0f00000, 0x00000000e0f00000| Untracked 
| 272|0x00000000e1000000, 0x00000000e1100000, 0x00000000e1100000|100%| O|  |TAMS 0x00000000e1000000, 0x00000000e1000000| Untracked 
| 273|0x00000000e1100000, 0x00000000e1200000, 0x00000000e1200000|100%| O|  |TAMS 0x00000000e1100000, 0x00000000e1100000| Untracked 
| 274|0x00000000e1200000, 0x00000000e1300000, 0x00000000e1300000|100%| O|  |TAMS 0x00000000e1200000, 0x00000000e1200000| Untracked 
| 275|0x00000000e1300000, 0x00000000e1400000, 0x00000000e1400000|100%| O|  |TAMS 0x00000000e1300000, 0x00000000e1300000| Untracked 
| 276|0x00000000e1400000, 0x00000000e1400000, 0x00000000e1500000|  0%| F|  |TAMS 0x00000000e1400000, 0x00000000e1400000| Untracked 
| 277|0x00000000e1500000, 0x00000000e1500000, 0x00000000e1600000|  0%| F|  |TAMS 0x00000000e1500000, 0x00000000e1500000| Untracked 
| 278|0x00000000e1600000, 0x00000000e1600000, 0x00000000e1700000|  0%| F|  |TAMS 0x00000000e1600000, 0x00000000e1600000| Untracked 
| 279|0x00000000e1700000, 0x00000000e1700000, 0x00000000e1800000|  0%| F|  |TAMS 0x00000000e1700000, 0x00000000e1700000| Untracked 
| 280|0x00000000e1800000, 0x00000000e1800000, 0x00000000e1900000|  0%| F|  |TAMS 0x00000000e1800000, 0x00000000e1800000| Untracked 
| 281|0x00000000e1900000, 0x00000000e1900000, 0x00000000e1a00000|  0%| F|  |TAMS 0x00000000e1900000, 0x00000000e1900000| Untracked 
| 282|0x00000000e1a00000, 0x00000000e1a00000, 0x00000000e1b00000|  0%| F|  |TAMS 0x00000000e1a00000, 0x00000000e1a00000| Untracked 
| 283|0x00000000e1b00000, 0x00000000e1b00000, 0x00000000e1c00000|  0%| F|  |TAMS 0x00000000e1b00000, 0x00000000e1b00000| Untracked 
| 284|0x00000000e1c00000, 0x00000000e1c00000, 0x00000000e1d00000|  0%| F|  |TAMS 0x00000000e1c00000, 0x00000000e1c00000| Untracked 
| 285|0x00000000e1d00000, 0x00000000e1d00000, 0x00000000e1e00000|  0%| F|  |TAMS 0x00000000e1d00000, 0x00000000e1d00000| Untracked 
| 286|0x00000000e1e00000, 0x00000000e1e00000, 0x00000000e1f00000|  0%| F|  |TAMS 0x00000000e1e00000, 0x00000000e1e00000| Untracked 
| 287|0x00000000e1f00000, 0x00000000e1f00000, 0x00000000e2000000|  0%| F|  |TAMS 0x00000000e1f00000, 0x00000000e1f00000| Untracked 
| 288|0x00000000e2000000, 0x00000000e2000000, 0x00000000e2100000|  0%| F|  |TAMS 0x00000000e2000000, 0x00000000e2000000| Untracked 
| 289|0x00000000e2100000, 0x00000000e2100000, 0x00000000e2200000|  0%| F|  |TAMS 0x00000000e2100000, 0x00000000e2100000| Untracked 
| 290|0x00000000e2200000, 0x00000000e2200000, 0x00000000e2300000|  0%| F|  |TAMS 0x00000000e2200000, 0x00000000e2200000| Untracked 
| 291|0x00000000e2300000, 0x00000000e2300000, 0x00000000e2400000|  0%| F|  |TAMS 0x00000000e2300000, 0x00000000e2300000| Untracked 
| 292|0x00000000e2400000, 0x00000000e2400000, 0x00000000e2500000|  0%| F|  |TAMS 0x00000000e2400000, 0x00000000e2400000| Untracked 
| 293|0x00000000e2500000, 0x00000000e2500000, 0x00000000e2600000|  0%| F|  |TAMS 0x00000000e2500000, 0x00000000e2500000| Untracked 
| 294|0x00000000e2600000, 0x00000000e2600000, 0x00000000e2700000|  0%| F|  |TAMS 0x00000000e2600000, 0x00000000e2600000| Untracked 
| 295|0x00000000e2700000, 0x00000000e2700000, 0x00000000e2800000|  0%| F|  |TAMS 0x00000000e2700000, 0x00000000e2700000| Untracked 
| 296|0x00000000e2800000, 0x00000000e2800000, 0x00000000e2900000|  0%| F|  |TAMS 0x00000000e2800000, 0x00000000e2800000| Untracked 
| 297|0x00000000e2900000, 0x00000000e2900000, 0x00000000e2a00000|  0%| F|  |TAMS 0x00000000e2900000, 0x00000000e2900000| Untracked 
| 298|0x00000000e2a00000, 0x00000000e2a00000, 0x00000000e2b00000|  0%| F|  |TAMS 0x00000000e2a00000, 0x00000000e2a00000| Untracked 
| 299|0x00000000e2b00000, 0x00000000e2b00000, 0x00000000e2c00000|  0%| F|  |TAMS 0x00000000e2b00000, 0x00000000e2b00000| Untracked 
| 300|0x00000000e2c00000, 0x00000000e2c00000, 0x00000000e2d00000|  0%| F|  |TAMS 0x00000000e2c00000, 0x00000000e2c00000| Untracked 
| 301|0x00000000e2d00000, 0x00000000e2d00000, 0x00000000e2e00000|  0%| F|  |TAMS 0x00000000e2d00000, 0x00000000e2d00000| Untracked 
| 302|0x00000000e2e00000, 0x00000000e2e00000, 0x00000000e2f00000|  0%| F|  |TAMS 0x00000000e2e00000, 0x00000000e2e00000| Untracked 
| 303|0x00000000e2f00000, 0x00000000e2f00000, 0x00000000e3000000|  0%| F|  |TAMS 0x00000000e2f00000, 0x00000000e2f00000| Untracked 
| 304|0x00000000e3000000, 0x00000000e3000000, 0x00000000e3100000|  0%| F|  |TAMS 0x00000000e3000000, 0x00000000e3000000| Untracked 
| 305|0x00000000e3100000, 0x00000000e3100000, 0x00000000e3200000|  0%| F|  |TAMS 0x00000000e3100000, 0x00000000e3100000| Untracked 
| 306|0x00000000e3200000, 0x00000000e3200000, 0x00000000e3300000|  0%| F|  |TAMS 0x00000000e3200000, 0x00000000e3200000| Untracked 
| 307|0x00000000e3300000, 0x00000000e3300000, 0x00000000e3400000|  0%| F|  |TAMS 0x00000000e3300000, 0x00000000e3300000| Untracked 
| 308|0x00000000e3400000, 0x00000000e3400000, 0x00000000e3500000|  0%| F|  |TAMS 0x00000000e3400000, 0x00000000e3400000| Untracked 
| 309|0x00000000e3500000, 0x00000000e3500000, 0x00000000e3600000|  0%| F|  |TAMS 0x00000000e3500000, 0x00000000e3500000| Untracked 
| 310|0x00000000e3600000, 0x00000000e3600000, 0x00000000e3700000|  0%| F|  |TAMS 0x00000000e3600000, 0x00000000e3600000| Untracked 
| 311|0x00000000e3700000, 0x00000000e3700000, 0x00000000e3800000|  0%| F|  |TAMS 0x00000000e3700000, 0x00000000e3700000| Untracked 
| 312|0x00000000e3800000, 0x00000000e3800000, 0x00000000e3900000|  0%| F|  |TAMS 0x00000000e3800000, 0x00000000e3800000| Untracked 
| 313|0x00000000e3900000, 0x00000000e3900000, 0x00000000e3a00000|  0%| F|  |TAMS 0x00000000e3900000, 0x00000000e3900000| Untracked 
| 314|0x00000000e3a00000, 0x00000000e3a00000, 0x00000000e3b00000|  0%| F|  |TAMS 0x00000000e3a00000, 0x00000000e3a00000| Untracked 
| 315|0x00000000e3b00000, 0x00000000e3b00000, 0x00000000e3c00000|  0%| F|  |TAMS 0x00000000e3b00000, 0x00000000e3b00000| Untracked 
| 316|0x00000000e3c00000, 0x00000000e3c00000, 0x00000000e3d00000|  0%| F|  |TAMS 0x00000000e3c00000, 0x00000000e3c00000| Untracked 
| 317|0x00000000e3d00000, 0x00000000e3d00000, 0x00000000e3e00000|  0%| F|  |TAMS 0x00000000e3d00000, 0x00000000e3d00000| Untracked 
| 318|0x00000000e3e00000, 0x00000000e3e00000, 0x00000000e3f00000|  0%| F|  |TAMS 0x00000000e3e00000, 0x00000000e3e00000| Untracked 
| 319|0x00000000e3f00000, 0x00000000e3f00000, 0x00000000e4000000|  0%| F|  |TAMS 0x00000000e3f00000, 0x00000000e3f00000| Untracked 
| 320|0x00000000e4000000, 0x00000000e4000000, 0x00000000e4100000|  0%| F|  |TAMS 0x00000000e4000000, 0x00000000e4000000| Untracked 
| 321|0x00000000e4100000, 0x00000000e4100000, 0x00000000e4200000|  0%| F|  |TAMS 0x00000000e4100000, 0x00000000e4100000| Untracked 
| 322|0x00000000e4200000, 0x00000000e4200000, 0x00000000e4300000|  0%| F|  |TAMS 0x00000000e4200000, 0x00000000e4200000| Untracked 
| 323|0x00000000e4300000, 0x00000000e4300000, 0x00000000e4400000|  0%| F|  |TAMS 0x00000000e4300000, 0x00000000e4300000| Untracked 
| 324|0x00000000e4400000, 0x00000000e4400000, 0x00000000e4500000|  0%| F|  |TAMS 0x00000000e4400000, 0x00000000e4400000| Untracked 
| 325|0x00000000e4500000, 0x00000000e4500000, 0x00000000e4600000|  0%| F|  |TAMS 0x00000000e4500000, 0x00000000e4500000| Untracked 
| 326|0x00000000e4600000, 0x00000000e4600000, 0x00000000e4700000|  0%| F|  |TAMS 0x00000000e4600000, 0x00000000e4600000| Untracked 
| 327|0x00000000e4700000, 0x00000000e4700000, 0x00000000e4800000|  0%| F|  |TAMS 0x00000000e4700000, 0x00000000e4700000| Untracked 
| 328|0x00000000e4800000, 0x00000000e4800000, 0x00000000e4900000|  0%| F|  |TAMS 0x00000000e4800000, 0x00000000e4800000| Untracked 
| 329|0x00000000e4900000, 0x00000000e4900000, 0x00000000e4a00000|  0%| F|  |TAMS 0x00000000e4900000, 0x00000000e4900000| Untracked 
| 330|0x00000000e4a00000, 0x00000000e4a00000, 0x00000000e4b00000|  0%| F|  |TAMS 0x00000000e4a00000, 0x00000000e4a00000| Untracked 
| 331|0x00000000e4b00000, 0x00000000e4b00000, 0x00000000e4c00000|  0%| F|  |TAMS 0x00000000e4b00000, 0x00000000e4b00000| Untracked 
| 332|0x00000000e4c00000, 0x00000000e4c00000, 0x00000000e4d00000|  0%| F|  |TAMS 0x00000000e4c00000, 0x00000000e4c00000| Untracked 
| 333|0x00000000e4d00000, 0x00000000e4d00000, 0x00000000e4e00000|  0%| F|  |TAMS 0x00000000e4d00000, 0x00000000e4d00000| Untracked 
| 334|0x00000000e4e00000, 0x00000000e4e00000, 0x00000000e4f00000|  0%| F|  |TAMS 0x00000000e4e00000, 0x00000000e4e00000| Untracked 
| 335|0x00000000e4f00000, 0x00000000e4f00000, 0x00000000e5000000|  0%| F|  |TAMS 0x00000000e4f00000, 0x00000000e4f00000| Untracked 
| 336|0x00000000e5000000, 0x00000000e5000000, 0x00000000e5100000|  0%| F|  |TAMS 0x00000000e5000000, 0x00000000e5000000| Untracked 
| 337|0x00000000e5100000, 0x00000000e5100000, 0x00000000e5200000|  0%| F|  |TAMS 0x00000000e5100000, 0x00000000e5100000| Untracked 
| 338|0x00000000e5200000, 0x00000000e5200000, 0x00000000e5300000|  0%| F|  |TAMS 0x00000000e5200000, 0x00000000e5200000| Untracked 
| 339|0x00000000e5300000, 0x00000000e5300000, 0x00000000e5400000|  0%| F|  |TAMS 0x00000000e5300000, 0x00000000e5300000| Untracked 
| 340|0x00000000e5400000, 0x00000000e5400000, 0x00000000e5500000|  0%| F|  |TAMS 0x00000000e5400000, 0x00000000e5400000| Untracked 
| 341|0x00000000e5500000, 0x00000000e5500000, 0x00000000e5600000|  0%| F|  |TAMS 0x00000000e5500000, 0x00000000e5500000| Untracked 
| 342|0x00000000e5600000, 0x00000000e5600000, 0x00000000e5700000|  0%| F|  |TAMS 0x00000000e5600000, 0x00000000e5600000| Untracked 
| 343|0x00000000e5700000, 0x00000000e5700000, 0x00000000e5800000|  0%| F|  |TAMS 0x00000000e5700000, 0x00000000e5700000| Untracked 
| 344|0x00000000e5800000, 0x00000000e5800000, 0x00000000e5900000|  0%| F|  |TAMS 0x00000000e5800000, 0x00000000e5800000| Untracked 
| 345|0x00000000e5900000, 0x00000000e5900000, 0x00000000e5a00000|  0%| F|  |TAMS 0x00000000e5900000, 0x00000000e5900000| Untracked 
| 346|0x00000000e5a00000, 0x00000000e5a00000, 0x00000000e5b00000|  0%| F|  |TAMS 0x00000000e5a00000, 0x00000000e5a00000| Untracked 
| 347|0x00000000e5b00000, 0x00000000e5b00000, 0x00000000e5c00000|  0%| F|  |TAMS 0x00000000e5b00000, 0x00000000e5b00000| Untracked 
| 348|0x00000000e5c00000, 0x00000000e5c00000, 0x00000000e5d00000|  0%| F|  |TAMS 0x00000000e5c00000, 0x00000000e5c00000| Untracked 
| 349|0x00000000e5d00000, 0x00000000e5d00000, 0x00000000e5e00000|  0%| F|  |TAMS 0x00000000e5d00000, 0x00000000e5d00000| Untracked 
| 350|0x00000000e5e00000, 0x00000000e5e00000, 0x00000000e5f00000|  0%| F|  |TAMS 0x00000000e5e00000, 0x00000000e5e00000| Untracked 
| 351|0x00000000e5f00000, 0x00000000e5f00000, 0x00000000e6000000|  0%| F|  |TAMS 0x00000000e5f00000, 0x00000000e5f00000| Untracked 
| 352|0x00000000e6000000, 0x00000000e6000000, 0x00000000e6100000|  0%| F|  |TAMS 0x00000000e6000000, 0x00000000e6000000| Untracked 
| 353|0x00000000e6100000, 0x00000000e6100000, 0x00000000e6200000|  0%| F|  |TAMS 0x00000000e6100000, 0x00000000e6100000| Untracked 
| 354|0x00000000e6200000, 0x00000000e6200000, 0x00000000e6300000|  0%| F|  |TAMS 0x00000000e6200000, 0x00000000e6200000| Untracked 
| 355|0x00000000e6300000, 0x00000000e6300000, 0x00000000e6400000|  0%| F|  |TAMS 0x00000000e6300000, 0x00000000e6300000| Untracked 
| 356|0x00000000e6400000, 0x00000000e6400000, 0x00000000e6500000|  0%| F|  |TAMS 0x00000000e6400000, 0x00000000e6400000| Untracked 
| 357|0x00000000e6500000, 0x00000000e6500000, 0x00000000e6600000|  0%| F|  |TAMS 0x00000000e6500000, 0x00000000e6500000| Untracked 
| 358|0x00000000e6600000, 0x00000000e6600000, 0x00000000e6700000|  0%| F|  |TAMS 0x00000000e6600000, 0x00000000e6600000| Untracked 
| 359|0x00000000e6700000, 0x00000000e6700000, 0x00000000e6800000|  0%| F|  |TAMS 0x00000000e6700000, 0x00000000e6700000| Untracked 
| 360|0x00000000e6800000, 0x00000000e6800000, 0x00000000e6900000|  0%| F|  |TAMS 0x00000000e6800000, 0x00000000e6800000| Untracked 
| 361|0x00000000e6900000, 0x00000000e6900000, 0x00000000e6a00000|  0%| F|  |TAMS 0x00000000e6900000, 0x00000000e6900000| Untracked 
| 362|0x00000000e6a00000, 0x00000000e6a00000, 0x00000000e6b00000|  0%| F|  |TAMS 0x00000000e6a00000, 0x00000000e6a00000| Untracked 
| 363|0x00000000e6b00000, 0x00000000e6b00000, 0x00000000e6c00000|  0%| F|  |TAMS 0x00000000e6b00000, 0x00000000e6b00000| Untracked 
| 364|0x00000000e6c00000, 0x00000000e6c00000, 0x00000000e6d00000|  0%| F|  |TAMS 0x00000000e6c00000, 0x00000000e6c00000| Untracked 
| 365|0x00000000e6d00000, 0x00000000e6d00000, 0x00000000e6e00000|  0%| F|  |TAMS 0x00000000e6d00000, 0x00000000e6d00000| Untracked 
| 366|0x00000000e6e00000, 0x00000000e6e00000, 0x00000000e6f00000|  0%| F|  |TAMS 0x00000000e6e00000, 0x00000000e6e00000| Untracked 
| 367|0x00000000e6f00000, 0x00000000e6f00000, 0x00000000e7000000|  0%| F|  |TAMS 0x00000000e6f00000, 0x00000000e6f00000| Untracked 
| 368|0x00000000e7000000, 0x00000000e7000000, 0x00000000e7100000|  0%| F|  |TAMS 0x00000000e7000000, 0x00000000e7000000| Untracked 
| 369|0x00000000e7100000, 0x00000000e7100000, 0x00000000e7200000|  0%| F|  |TAMS 0x00000000e7100000, 0x00000000e7100000| Untracked 
| 370|0x00000000e7200000, 0x00000000e7200000, 0x00000000e7300000|  0%| F|  |TAMS 0x00000000e7200000, 0x00000000e7200000| Untracked 
| 371|0x00000000e7300000, 0x00000000e7300000, 0x00000000e7400000|  0%| F|  |TAMS 0x00000000e7300000, 0x00000000e7300000| Untracked 
| 372|0x00000000e7400000, 0x00000000e7400000, 0x00000000e7500000|  0%| F|  |TAMS 0x00000000e7400000, 0x00000000e7400000| Untracked 
| 373|0x00000000e7500000, 0x00000000e7500000, 0x00000000e7600000|  0%| F|  |TAMS 0x00000000e7500000, 0x00000000e7500000| Untracked 
| 374|0x00000000e7600000, 0x00000000e7600000, 0x00000000e7700000|  0%| F|  |TAMS 0x00000000e7600000, 0x00000000e7600000| Untracked 
| 375|0x00000000e7700000, 0x00000000e7700000, 0x00000000e7800000|  0%| F|  |TAMS 0x00000000e7700000, 0x00000000e7700000| Untracked 
| 376|0x00000000e7800000, 0x00000000e7800000, 0x00000000e7900000|  0%| F|  |TAMS 0x00000000e7800000, 0x00000000e7800000| Untracked 
| 377|0x00000000e7900000, 0x00000000e7900000, 0x00000000e7a00000|  0%| F|  |TAMS 0x00000000e7900000, 0x00000000e7900000| Untracked 
| 378|0x00000000e7a00000, 0x00000000e7a00000, 0x00000000e7b00000|  0%| F|  |TAMS 0x00000000e7a00000, 0x00000000e7a00000| Untracked 
| 379|0x00000000e7b00000, 0x00000000e7b00000, 0x00000000e7c00000|  0%| F|  |TAMS 0x00000000e7b00000, 0x00000000e7b00000| Untracked 
| 380|0x00000000e7c00000, 0x00000000e7c00000, 0x00000000e7d00000|  0%| F|  |TAMS 0x00000000e7c00000, 0x00000000e7c00000| Untracked 
| 381|0x00000000e7d00000, 0x00000000e7d00000, 0x00000000e7e00000|  0%| F|  |TAMS 0x00000000e7d00000, 0x00000000e7d00000| Untracked 
| 382|0x00000000e7e00000, 0x00000000e7e00000, 0x00000000e7f00000|  0%| F|  |TAMS 0x00000000e7e00000, 0x00000000e7e00000| Untracked 
| 383|0x00000000e7f00000, 0x00000000e7f00000, 0x00000000e8000000|  0%| F|  |TAMS 0x00000000e7f00000, 0x00000000e7f00000| Untracked 
| 384|0x00000000e8000000, 0x00000000e8000000, 0x00000000e8100000|  0%| F|  |TAMS 0x00000000e8000000, 0x00000000e8000000| Untracked 
| 385|0x00000000e8100000, 0x00000000e8100000, 0x00000000e8200000|  0%| F|  |TAMS 0x00000000e8100000, 0x00000000e8100000| Untracked 
| 386|0x00000000e8200000, 0x00000000e8200000, 0x00000000e8300000|  0%| F|  |TAMS 0x00000000e8200000, 0x00000000e8200000| Untracked 
| 387|0x00000000e8300000, 0x00000000e8300000, 0x00000000e8400000|  0%| F|  |TAMS 0x00000000e8300000, 0x00000000e8300000| Untracked 
| 388|0x00000000e8400000, 0x00000000e848fb60, 0x00000000e8500000| 56%| S|CS|TAMS 0x00000000e8400000, 0x00000000e8400000| Complete 
| 389|0x00000000e8500000, 0x00000000e8600000, 0x00000000e8600000|100%| S|CS|TAMS 0x00000000e8500000, 0x00000000e8500000| Complete 
| 390|0x00000000e8600000, 0x00000000e8700000, 0x00000000e8700000|100%| S|CS|TAMS 0x00000000e8600000, 0x00000000e8600000| Complete 
| 391|0x00000000e8700000, 0x00000000e8800000, 0x00000000e8800000|100%| S|CS|TAMS 0x00000000e8700000, 0x00000000e8700000| Complete 
| 392|0x00000000e8800000, 0x00000000e8900000, 0x00000000e8900000|100%| S|CS|TAMS 0x00000000e8800000, 0x00000000e8800000| Complete 
| 393|0x00000000e8900000, 0x00000000e8a00000, 0x00000000e8a00000|100%| S|CS|TAMS 0x00000000e8900000, 0x00000000e8900000| Complete 
| 394|0x00000000e8a00000, 0x00000000e8b00000, 0x00000000e8b00000|100%| S|CS|TAMS 0x00000000e8a00000, 0x00000000e8a00000| Complete 
| 395|0x00000000e8b00000, 0x00000000e8b00000, 0x00000000e8c00000|  0%| F|  |TAMS 0x00000000e8b00000, 0x00000000e8b00000| Untracked 
| 396|0x00000000e8c00000, 0x00000000e8c00000, 0x00000000e8d00000|  0%| F|  |TAMS 0x00000000e8c00000, 0x00000000e8c00000| Untracked 
| 397|0x00000000e8d00000, 0x00000000e8d00000, 0x00000000e8e00000|  0%| F|  |TAMS 0x00000000e8d00000, 0x00000000e8d00000| Untracked 
| 398|0x00000000e8e00000, 0x00000000e8e00000, 0x00000000e8f00000|  0%| F|  |TAMS 0x00000000e8e00000, 0x00000000e8e00000| Untracked 
| 399|0x00000000e8f00000, 0x00000000e8f00000, 0x00000000e9000000|  0%| F|  |TAMS 0x00000000e8f00000, 0x00000000e8f00000| Untracked 
| 400|0x00000000e9000000, 0x00000000e9000000, 0x00000000e9100000|  0%| F|  |TAMS 0x00000000e9000000, 0x00000000e9000000| Untracked 
| 401|0x00000000e9100000, 0x00000000e9100000, 0x00000000e9200000|  0%| F|  |TAMS 0x00000000e9100000, 0x00000000e9100000| Untracked 
| 402|0x00000000e9200000, 0x00000000e9200000, 0x00000000e9300000|  0%| F|  |TAMS 0x00000000e9200000, 0x00000000e9200000| Untracked 
| 403|0x00000000e9300000, 0x00000000e9300000, 0x00000000e9400000|  0%| F|  |TAMS 0x00000000e9300000, 0x00000000e9300000| Untracked 
| 404|0x00000000e9400000, 0x00000000e9400000, 0x00000000e9500000|  0%| F|  |TAMS 0x00000000e9400000, 0x00000000e9400000| Untracked 
| 405|0x00000000e9500000, 0x00000000e9500000, 0x00000000e9600000|  0%| F|  |TAMS 0x00000000e9500000, 0x00000000e9500000| Untracked 
| 406|0x00000000e9600000, 0x00000000e9600000, 0x00000000e9700000|  0%| F|  |TAMS 0x00000000e9600000, 0x00000000e9600000| Untracked 
| 407|0x00000000e9700000, 0x00000000e9700000, 0x00000000e9800000|  0%| F|  |TAMS 0x00000000e9700000, 0x00000000e9700000| Untracked 
| 408|0x00000000e9800000, 0x00000000e9800000, 0x00000000e9900000|  0%| F|  |TAMS 0x00000000e9800000, 0x00000000e9800000| Untracked 
| 409|0x00000000e9900000, 0x00000000e9900000, 0x00000000e9a00000|  0%| F|  |TAMS 0x00000000e9900000, 0x00000000e9900000| Untracked 
| 410|0x00000000e9a00000, 0x00000000e9a00000, 0x00000000e9b00000|  0%| F|  |TAMS 0x00000000e9a00000, 0x00000000e9a00000| Untracked 
| 411|0x00000000e9b00000, 0x00000000e9b00000, 0x00000000e9c00000|  0%| F|  |TAMS 0x00000000e9b00000, 0x00000000e9b00000| Untracked 
| 412|0x00000000e9c00000, 0x00000000e9c00000, 0x00000000e9d00000|  0%| F|  |TAMS 0x00000000e9c00000, 0x00000000e9c00000| Untracked 
| 413|0x00000000e9d00000, 0x00000000e9d00000, 0x00000000e9e00000|  0%| F|  |TAMS 0x00000000e9d00000, 0x00000000e9d00000| Untracked 
| 414|0x00000000e9e00000, 0x00000000e9e00000, 0x00000000e9f00000|  0%| F|  |TAMS 0x00000000e9e00000, 0x00000000e9e00000| Untracked 
| 415|0x00000000e9f00000, 0x00000000e9f00000, 0x00000000ea000000|  0%| F|  |TAMS 0x00000000e9f00000, 0x00000000e9f00000| Untracked 
| 416|0x00000000ea000000, 0x00000000ea000000, 0x00000000ea100000|  0%| F|  |TAMS 0x00000000ea000000, 0x00000000ea000000| Untracked 
| 417|0x00000000ea100000, 0x00000000ea100000, 0x00000000ea200000|  0%| F|  |TAMS 0x00000000ea100000, 0x00000000ea100000| Untracked 
| 418|0x00000000ea200000, 0x00000000ea200000, 0x00000000ea300000|  0%| F|  |TAMS 0x00000000ea200000, 0x00000000ea200000| Untracked 
| 419|0x00000000ea300000, 0x00000000ea300000, 0x00000000ea400000|  0%| F|  |TAMS 0x00000000ea300000, 0x00000000ea300000| Untracked 
| 420|0x00000000ea400000, 0x00000000ea400000, 0x00000000ea500000|  0%| F|  |TAMS 0x00000000ea400000, 0x00000000ea400000| Untracked 
| 421|0x00000000ea500000, 0x00000000ea500000, 0x00000000ea600000|  0%| F|  |TAMS 0x00000000ea500000, 0x00000000ea500000| Untracked 
| 422|0x00000000ea600000, 0x00000000ea600000, 0x00000000ea700000|  0%| F|  |TAMS 0x00000000ea600000, 0x00000000ea600000| Untracked 
| 423|0x00000000ea700000, 0x00000000ea700000, 0x00000000ea800000|  0%| F|  |TAMS 0x00000000ea700000, 0x00000000ea700000| Untracked 
| 424|0x00000000ea800000, 0x00000000ea800000, 0x00000000ea900000|  0%| F|  |TAMS 0x00000000ea800000, 0x00000000ea800000| Untracked 
| 425|0x00000000ea900000, 0x00000000ea900000, 0x00000000eaa00000|  0%| F|  |TAMS 0x00000000ea900000, 0x00000000ea900000| Untracked 
| 426|0x00000000eaa00000, 0x00000000eaa00000, 0x00000000eab00000|  0%| F|  |TAMS 0x00000000eaa00000, 0x00000000eaa00000| Untracked 
| 427|0x00000000eab00000, 0x00000000eab00000, 0x00000000eac00000|  0%| F|  |TAMS 0x00000000eab00000, 0x00000000eab00000| Untracked 
| 428|0x00000000eac00000, 0x00000000eac00000, 0x00000000ead00000|  0%| F|  |TAMS 0x00000000eac00000, 0x00000000eac00000| Untracked 
| 429|0x00000000ead00000, 0x00000000ead00000, 0x00000000eae00000|  0%| F|  |TAMS 0x00000000ead00000, 0x00000000ead00000| Untracked 
| 430|0x00000000eae00000, 0x00000000eae00000, 0x00000000eaf00000|  0%| F|  |TAMS 0x00000000eae00000, 0x00000000eae00000| Untracked 
| 431|0x00000000eaf00000, 0x00000000eaf00000, 0x00000000eb000000|  0%| F|  |TAMS 0x00000000eaf00000, 0x00000000eaf00000| Untracked 
| 432|0x00000000eb000000, 0x00000000eb000000, 0x00000000eb100000|  0%| F|  |TAMS 0x00000000eb000000, 0x00000000eb000000| Untracked 
| 433|0x00000000eb100000, 0x00000000eb100000, 0x00000000eb200000|  0%| F|  |TAMS 0x00000000eb100000, 0x00000000eb100000| Untracked 
| 434|0x00000000eb200000, 0x00000000eb200000, 0x00000000eb300000|  0%| F|  |TAMS 0x00000000eb200000, 0x00000000eb200000| Untracked 
| 435|0x00000000eb300000, 0x00000000eb300000, 0x00000000eb400000|  0%| F|  |TAMS 0x00000000eb300000, 0x00000000eb300000| Untracked 
| 436|0x00000000eb400000, 0x00000000eb400000, 0x00000000eb500000|  0%| F|  |TAMS 0x00000000eb400000, 0x00000000eb400000| Untracked 
| 437|0x00000000eb500000, 0x00000000eb500000, 0x00000000eb600000|  0%| F|  |TAMS 0x00000000eb500000, 0x00000000eb500000| Untracked 
| 438|0x00000000eb600000, 0x00000000eb600000, 0x00000000eb700000|  0%| F|  |TAMS 0x00000000eb600000, 0x00000000eb600000| Untracked 
| 439|0x00000000eb700000, 0x00000000eb700000, 0x00000000eb800000|  0%| F|  |TAMS 0x00000000eb700000, 0x00000000eb700000| Untracked 
| 440|0x00000000eb800000, 0x00000000eb800000, 0x00000000eb900000|  0%| F|  |TAMS 0x00000000eb800000, 0x00000000eb800000| Untracked 
| 441|0x00000000eb900000, 0x00000000eb900000, 0x00000000eba00000|  0%| F|  |TAMS 0x00000000eb900000, 0x00000000eb900000| Untracked 
| 442|0x00000000eba00000, 0x00000000eba00000, 0x00000000ebb00000|  0%| F|  |TAMS 0x00000000eba00000, 0x00000000eba00000| Untracked 
| 443|0x00000000ebb00000, 0x00000000ebb00000, 0x00000000ebc00000|  0%| F|  |TAMS 0x00000000ebb00000, 0x00000000ebb00000| Untracked 
| 444|0x00000000ebc00000, 0x00000000ebc00000, 0x00000000ebd00000|  0%| F|  |TAMS 0x00000000ebc00000, 0x00000000ebc00000| Untracked 
| 445|0x00000000ebd00000, 0x00000000ebd00000, 0x00000000ebe00000|  0%| F|  |TAMS 0x00000000ebd00000, 0x00000000ebd00000| Untracked 
| 446|0x00000000ebe00000, 0x00000000ebe00000, 0x00000000ebf00000|  0%| F|  |TAMS 0x00000000ebe00000, 0x00000000ebe00000| Untracked 
| 447|0x00000000ebf00000, 0x00000000ebf00000, 0x00000000ec000000|  0%| F|  |TAMS 0x00000000ebf00000, 0x00000000ebf00000| Untracked 
| 448|0x00000000ec000000, 0x00000000ec000000, 0x00000000ec100000|  0%| F|  |TAMS 0x00000000ec000000, 0x00000000ec000000| Untracked 
| 449|0x00000000ec100000, 0x00000000ec100000, 0x00000000ec200000|  0%| F|  |TAMS 0x00000000ec100000, 0x00000000ec100000| Untracked 
| 450|0x00000000ec200000, 0x00000000ec200000, 0x00000000ec300000|  0%| F|  |TAMS 0x00000000ec200000, 0x00000000ec200000| Untracked 
| 451|0x00000000ec300000, 0x00000000ec300000, 0x00000000ec400000|  0%| F|  |TAMS 0x00000000ec300000, 0x00000000ec300000| Untracked 
| 452|0x00000000ec400000, 0x00000000ec400000, 0x00000000ec500000|  0%| F|  |TAMS 0x00000000ec400000, 0x00000000ec400000| Untracked 
| 453|0x00000000ec500000, 0x00000000ec500000, 0x00000000ec600000|  0%| F|  |TAMS 0x00000000ec500000, 0x00000000ec500000| Untracked 
| 454|0x00000000ec600000, 0x00000000ec600000, 0x00000000ec700000|  0%| F|  |TAMS 0x00000000ec600000, 0x00000000ec600000| Untracked 
| 455|0x00000000ec700000, 0x00000000ec700000, 0x00000000ec800000|  0%| F|  |TAMS 0x00000000ec700000, 0x00000000ec700000| Untracked 
| 456|0x00000000ec800000, 0x00000000ec800000, 0x00000000ec900000|  0%| F|  |TAMS 0x00000000ec800000, 0x00000000ec800000| Untracked 
| 457|0x00000000ec900000, 0x00000000ec900000, 0x00000000eca00000|  0%| F|  |TAMS 0x00000000ec900000, 0x00000000ec900000| Untracked 
| 766|0x00000000ffe00000, 0x00000000ffe75000, 0x00000000fff00000| 45%|OA|  |TAMS 0x00000000ffe75000, 0x00000000ffe00000| Untracked 
| 767|0x00000000fff00000, 0x00000000fff78000, 0x0000000100000000| 46%|CA|  |TAMS 0x00000000fff78000, 0x00000000fff00000| Untracked 

Card table byte_map: [0x00007eff50af9000,0x00007eff50c79000] _byte_map_base: 0x00007eff50479000

Marking Bits (Prev, Next): (CMBitMap*) 0x00007eff4c050290, (CMBitMap*) 0x00007eff4c050250
 Prev Bits: [0x00007eff33d11000, 0x00007eff34911000)
 Next Bits: [0x00007eff34911000, 0x00007eff35511000)

Polling page: 0x00007eff52bbc000

Metaspace:

Usage:
  Non-class:     93.84 MB used.
      Class:     14.81 MB used.
       Both:    108.65 MB used.

Virtual space:
  Non-class space:      128.00 MB reserved,      94.25 MB ( 74%) committed,  2 nodes.
      Class space:      416.00 MB reserved,      15.25 MB (  4%) committed,  1 nodes.
             Both:      544.00 MB reserved,     109.50 MB ( 20%) committed. 

Chunk freelists:
   Non-Class:  1.70 MB
       Class:  752.00 KB
        Both:  2.44 MB

MaxMetaspaceSize: 512.00 MB
CompressedClassSpaceSize: 416.00 MB
Initial GC threshold: 21.00 MB
Current GC threshold: 179.62 MB
CDS: on
MetaspaceReclaimPolicy: balanced
 - commit_granule_bytes: 65536.
 - commit_granule_words: 8192.
 - virtual_space_node_default_size: 8388608.
 - enlarge_chunks_in_place: 1.
 - new_chunks_are_fully_committed: 0.
 - uncommit_free_chunks: 1.
 - use_allocation_guard: 0.
 - handle_deallocations: 1.


Internal statistics:

num_allocs_failed_limit: 15.
num_arena_births: 1206.
num_arena_deaths: 0.
num_vsnodes_births: 3.
num_vsnodes_deaths: 0.
num_space_committed: 1750.
num_space_uncommitted: 0.
num_chunks_returned_to_freelist: 15.
num_chunks_taken_from_freelist: 5913.
num_chunk_merges: 15.
num_chunk_splits: 3934.
num_chunks_enlarged: 2612.
num_inconsistent_stats: 0.

CodeHeap 'non-profiled nmethods': size=120036Kb used=6394Kb max_used=6394Kb free=113641Kb
 bounds [0x00007eff3cfd8000, 0x00007eff3d618000, 0x00007eff44511000]
CodeHeap 'profiled nmethods': size=120032Kb used=27437Kb max_used=27437Kb free=92594Kb
 bounds [0x00007eff35511000, 0x00007eff36fe1000, 0x00007eff3ca49000]
CodeHeap 'non-nmethods': size=5692Kb used=2438Kb max_used=2512Kb free=3253Kb
 bounds [0x00007eff3ca49000, 0x00007eff3ccd9000, 0x00007eff3cfd8000]
 total_blobs=15757 nmethods=14787 adapters=882
 compilation: enabled
              stopped_count=0, restarted_count=0
 full_count=0

Compilation events (20 events):
Event: 47.684 Thread 0x00007eff4c0ac3e0 nmethod 18013 0x00007eff3d612690 code [0x00007eff3d612800, 0x00007eff3d612878]
Event: 47.684 Thread 0x00007eff4c0ac3e0 17340       4       com.android.tools.r8.graph.p0::R (2 bytes)
Event: 47.684 Thread 0x00007eff4c0ac3e0 nmethod 17340 0x00007eff3d612990 code [0x00007eff3d612b00, 0x00007eff3d612b78]
Event: 47.684 Thread 0x00007eff4c0ac3e0 17578       4       com.android.tools.r8.internal.Mt::a (12 bytes)
Event: 47.685 Thread 0x00007eff4c0ac3e0 nmethod 17578 0x00007eff3d612c90 code [0x00007eff3d612e20, 0x00007eff3d612ed8]
Event: 47.685 Thread 0x00007eff4c0ac3e0 18033       4       com.android.tools.r8.dex.code.J0::a (1 bytes)
Event: 47.685 Thread 0x00007eff4c0ac3e0 nmethod 18033 0x00007eff3d612f90 code [0x00007eff3d613100, 0x00007eff3d613178]
Event: 47.685 Thread 0x00007eff4c0ac3e0 16784       4       com.android.tools.r8.graph.K2$j::G0 (2 bytes)
Event: 47.685 Thread 0x00007eff4c0ac3e0 nmethod 16784 0x00007eff3d613290 code [0x00007eff3d613400, 0x00007eff3d613478]
Event: 47.685 Thread 0x00007eff4c0ac3e0 16674       4       jdk.internal.misc.InnocuousThread::eraseThreadLocals (23 bytes)
Event: 47.686 Thread 0x00007eff4c0ac3e0 nmethod 16674 0x00007eff3d613590 code [0x00007eff3d613700, 0x00007eff3d613838]
Event: 47.686 Thread 0x00007eff4c0ac3e0 18022       4       com.android.tools.r8.dex.code.y2::a (1 bytes)
Event: 47.686 Thread 0x00007eff4c0ac3e0 nmethod 18022 0x00007eff3d613890 code [0x00007eff3d613a00, 0x00007eff3d613a78]
Event: 47.686 Thread 0x00007eff4c0ac3e0 16760       4       java.lang.invoke.MethodHandleNatives$CallSiteContext::run (5 bytes)
Event: 47.686 Thread 0x00007eff4c0ac3e0 nmethod 16760 0x00007eff3d613b90 code [0x00007eff3d613d20, 0x00007eff3d613dc8]
Event: 47.686 Thread 0x00007eff4c0ac3e0 18044       4       com.android.tools.r8.graph.A2::a (71 bytes)
Event: 47.691 Thread 0x00007eff4c0ad910 18051       3       com.android.tools.r8.graph.K0$d::a (68 bytes)
Event: 47.692 Thread 0x00007eff4c0ad910 nmethod 18051 0x00007eff36fdb490 code [0x00007eff36fdb6c0, 0x00007eff36fdbed0]
Event: 47.752 Thread 0x00007eff4c0ad910 18052       2       com.android.tools.r8.dex.code.B0::a (1 bytes)
Event: 47.752 Thread 0x00007eff4c0ad910 nmethod 18052 0x00007eff36fdc190 code [0x00007eff36fdc320, 0x00007eff36fdc410]

GC Heap History (20 events):
Event: 37.087 GC heap after
{Heap after GC invocations=51 (full 0):
 garbage-first heap   total 333824K, used 139697K [0x00000000d0000000, 0x0000000100000000)
  region size 1024K, 14 young (14336K), 14 survivors (14336K)
 Metaspace       used 102449K, committed 103296K, reserved 557056K
  class space    used 13858K, committed 14272K, reserved 425984K
}
Event: 38.452 GC heap before
{Heap before GC invocations=52 (full 0):
 garbage-first heap   total 393216K, used 273841K [0x00000000d0000000, 0x0000000100000000)
  region size 1024K, 86 young (88064K), 14 survivors (14336K)
 Metaspace       used 104349K, committed 105216K, reserved 557056K
  class space    used 14092K, committed 14528K, reserved 425984K
}
Event: 38.562 GC heap after
{Heap after GC invocations=53 (full 0):
 garbage-first heap   total 393216K, used 182143K [0x00000000d0000000, 0x0000000100000000)
  region size 1024K, 17 young (17408K), 17 survivors (17408K)
 Metaspace       used 104349K, committed 105216K, reserved 557056K
  class space    used 14092K, committed 14528K, reserved 425984K
}
Event: 39.376 GC heap before
{Heap before GC invocations=54 (full 0):
 garbage-first heap   total 393216K, used 221055K [0x00000000d0000000, 0x0000000100000000)
  region size 1024K, 54 young (55296K), 17 survivors (17408K)
 Metaspace       used 104389K, committed 105216K, reserved 557056K
  class space    used 14096K, committed 14528K, reserved 425984K
}
Event: 39.487 GC heap after
{Heap after GC invocations=55 (full 0):
 garbage-first heap   total 393216K, used 198068K [0x00000000d0000000, 0x0000000100000000)
  region size 1024K, 14 young (14336K), 14 survivors (14336K)
 Metaspace       used 104389K, committed 105216K, reserved 557056K
  class space    used 14096K, committed 14528K, reserved 425984K
}
Event: 41.550 GC heap before
{Heap before GC invocations=56 (full 0):
 garbage-first heap   total 393216K, used 296372K [0x00000000d0000000, 0x0000000100000000)
  region size 1024K, 108 young (110592K), 14 survivors (14336K)
 Metaspace       used 106948K, committed 107776K, reserved 557056K
  class space    used 14606K, committed 15040K, reserved 425984K
}
Event: 41.683 GC heap after
{Heap after GC invocations=57 (full 0):
 garbage-first heap   total 393216K, used 242612K [0x00000000d0000000, 0x0000000100000000)
  region size 1024K, 14 young (14336K), 14 survivors (14336K)
 Metaspace       used 106948K, committed 107776K, reserved 557056K
  class space    used 14606K, committed 15040K, reserved 425984K
}
Event: 41.788 GC heap before
{Heap before GC invocations=57 (full 0):
 garbage-first heap   total 393216K, used 247731K [0x00000000d0000000, 0x0000000100000000)
  region size 1024K, 19 young (19456K), 14 survivors (14336K)
 Metaspace       used 106952K, committed 107776K, reserved 557056K
  class space    used 14606K, committed 15040K, reserved 425984K
}
Event: 41.956 GC heap after
{Heap after GC invocations=58 (full 0):
 garbage-first heap   total 393216K, used 244660K [0x00000000d0000000, 0x0000000100000000)
  region size 1024K, 3 young (3072K), 3 survivors (3072K)
 Metaspace       used 106952K, committed 107776K, reserved 557056K
  class space    used 14606K, committed 15040K, reserved 425984K
}
Event: 42.473 GC heap before
{Heap before GC invocations=58 (full 0):
 garbage-first heap   total 393216K, used 300980K [0x00000000d0000000, 0x0000000100000000)
  region size 1024K, 58 young (59392K), 3 survivors (3072K)
 Metaspace       used 106960K, committed 107776K, reserved 557056K
  class space    used 14606K, committed 15040K, reserved 425984K
}
Event: 42.579 GC heap after
{Heap after GC invocations=59 (full 0):
 garbage-first heap   total 393216K, used 272820K [0x00000000d0000000, 0x0000000100000000)
  region size 1024K, 8 young (8192K), 8 survivors (8192K)
 Metaspace       used 106960K, committed 107776K, reserved 557056K
  class space    used 14606K, committed 15040K, reserved 425984K
}
Event: 43.158 GC heap before
{Heap before GC invocations=59 (full 0):
 garbage-first heap   total 393216K, used 309684K [0x00000000d0000000, 0x0000000100000000)
  region size 1024K, 45 young (46080K), 8 survivors (8192K)
 Metaspace       used 107741K, committed 108544K, reserved 557056K
  class space    used 14723K, committed 15168K, reserved 425984K
}
Event: 43.277 GC heap after
{Heap after GC invocations=60 (full 0):
 garbage-first heap   total 393216K, used 289396K [0x00000000d0000000, 0x0000000100000000)
  region size 1024K, 6 young (6144K), 6 survivors (6144K)
 Metaspace       used 107741K, committed 108544K, reserved 557056K
  class space    used 14723K, committed 15168K, reserved 425984K
}
Event: 44.574 GC heap before
{Heap before GC invocations=60 (full 0):
 garbage-first heap   total 471040K, used 293492K [0x00000000d0000000, 0x0000000100000000)
  region size 1024K, 35 young (35840K), 6 survivors (6144K)
 Metaspace       used 109574K, committed 110400K, reserved 557056K
  class space    used 14938K, committed 15360K, reserved 425984K
}
Event: 44.655 GC heap after
{Heap after GC invocations=61 (full 0):
 garbage-first heap   total 471040K, used 266676K [0x00000000d0000000, 0x0000000100000000)
  region size 1024K, 2 young (2048K), 2 survivors (2048K)
 Metaspace       used 109574K, committed 110400K, reserved 557056K
  class space    used 14938K, committed 15360K, reserved 425984K
}
Event: 46.174 GC heap before
{Heap before GC invocations=62 (full 0):
 garbage-first heap   total 471040K, used 325044K [0x00000000d0000000, 0x0000000100000000)
  region size 1024K, 60 young (61440K), 2 survivors (2048K)
 Metaspace       used 110864K, committed 111744K, reserved 557056K
  class space    used 15123K, committed 15552K, reserved 425984K
}
Event: 46.253 GC heap after
{Heap after GC invocations=63 (full 0):
 garbage-first heap   total 471040K, used 271763K [0x00000000d0000000, 0x0000000100000000)
  region size 1024K, 7 young (7168K), 7 survivors (7168K)
 Metaspace       used 110864K, committed 111744K, reserved 557056K
  class space    used 15123K, committed 15552K, reserved 425984K
}
Event: 46.485 GC heap before
{Heap before GC invocations=63 (full 0):
 garbage-first heap   total 471040K, used 288147K [0x00000000d0000000, 0x0000000100000000)
  region size 1024K, 23 young (23552K), 7 survivors (7168K)
 Metaspace       used 110996K, committed 111872K, reserved 557056K
  class space    used 15139K, committed 15552K, reserved 425984K
}
Event: 46.553 GC heap after
{Heap after GC invocations=64 (full 0):
 garbage-first heap   total 471040K, used 271253K [0x00000000d0000000, 0x0000000100000000)
  region size 1024K, 3 young (3072K), 3 survivors (3072K)
 Metaspace       used 110996K, committed 111872K, reserved 557056K
  class space    used 15139K, committed 15552K, reserved 425984K
}
Event: 47.756 GC heap before
{Heap before GC invocations=64 (full 0):
 garbage-first heap   total 471040K, used 336789K [0x00000000d0000000, 0x0000000100000000)
  region size 1024K, 63 young (64512K), 3 survivors (3072K)
 Metaspace       used 111258K, committed 112128K, reserved 557056K
  class space    used 15167K, committed 15616K, reserved 425984K
}

Dll operation events (14 events):
Event: 0.002 Loaded shared library /usr/lib/jvm/java-17-openjdk-amd64/lib/libjava.so
Event: 0.060 Loaded shared library /usr/lib/jvm/java-17-openjdk-amd64/lib/libjsvml.so
Event: 0.099 Loaded shared library /usr/lib/jvm/java-17-openjdk-amd64/lib/libzip.so
Event: 0.100 Loaded shared library /usr/lib/jvm/java-17-openjdk-amd64/lib/libinstrument.so
Event: 0.102 Loaded shared library /usr/lib/jvm/java-17-openjdk-amd64/lib/libnio.so
Event: 0.150 Loaded shared library /usr/lib/jvm/java-17-openjdk-amd64/lib/libzip.so
Event: 0.272 Loaded shared library /usr/lib/jvm/java-17-openjdk-amd64/lib/libjimage.so
Event: 0.366 Loaded shared library /usr/lib/jvm/java-17-openjdk-amd64/lib/libverify.so
Event: 0.671 Loaded shared library /usr/lib/jvm/java-17-openjdk-amd64/lib/libnet.so
Event: 0.673 Loaded shared library /root/.gradle/native/68d5fa5c4cc2d200863cafc0d521ce42e7d3e7ee720ec0a83991735586a16f82/linux-amd64/libnative-platform.so
Event: 0.679 Loaded shared library /root/.gradle/native/e376f236ea51e6404a007f0833ffe2c6e607c4080706a723a18a27aeea778392/linux-amd64/libnative-platform-file-events.so
Event: 1.953 Loaded shared library /usr/lib/jvm/java-17-openjdk-amd64/lib/libmanagement.so
Event: 1.955 Loaded shared library /usr/lib/jvm/java-17-openjdk-amd64/lib/libmanagement_ext.so
Event: 2.179 Loaded shared library /usr/lib/jvm/java-17-openjdk-amd64/lib/libextnet.so

Deoptimization events (20 events):
Event: 46.286 Thread 0x00007efef80fcc40 DEOPT PACKING pc=0x00007eff36f541b3 sp=0x00007efed22f1010
Event: 46.286 Thread 0x00007efef80fcc40 DEOPT UNPACKING pc=0x00007eff3caa364f sp=0x00007efed22f04a8 mode 0
Event: 46.565 Thread 0x00007eff4d38ca90 DEOPT PACKING pc=0x00007eff36f6a0c6 sp=0x00007efed73f0a20
Event: 46.566 Thread 0x00007eff4d38ca90 DEOPT UNPACKING pc=0x00007eff3caa364f sp=0x00007efed73eff28 mode 0
Event: 46.581 Thread 0x00007eff4d38ca90 DEOPT PACKING pc=0x00007eff36472107 sp=0x00007efed73f09e0
Event: 46.581 Thread 0x00007eff4d38ca90 DEOPT UNPACKING pc=0x00007eff3caa364f sp=0x00007efed73efef0 mode 0
Event: 46.755 Thread 0x00007eff4d38ca90 Uncommon trap: trap_request=0xffffffe4 fr.pc=0x00007eff3d372040 relative=0x0000000000000220
Event: 46.755 Thread 0x00007eff4d38ca90 Uncommon trap: reason=range_check action=make_not_entrant pc=0x00007eff3d372040 method=com.android.tools.r8.graph.D2.a(Lcom/android/tools/r8/graph/D2;)I @ 26 c2
Event: 46.755 Thread 0x00007eff4d38ca90 DEOPT PACKING pc=0x00007eff3d372040 sp=0x00007efed73f0870
Event: 46.755 Thread 0x00007eff4d38ca90 DEOPT UNPACKING pc=0x00007eff3caa2b19 sp=0x00007efed73f0800 mode 2
Event: 46.765 Thread 0x00007eff4d38ca90 DEOPT PACKING pc=0x00007eff36f87916 sp=0x00007efed73f08c0
Event: 46.765 Thread 0x00007eff4d38ca90 DEOPT UNPACKING pc=0x00007eff3caa364f sp=0x00007efed73efde8 mode 0
Event: 46.774 Thread 0x00007eff4d38ca90 DEOPT PACKING pc=0x00007eff36f933d8 sp=0x00007efed73f0850
Event: 46.774 Thread 0x00007eff4d38ca90 DEOPT UNPACKING pc=0x00007eff3caa364f sp=0x00007efed73efd10 mode 0
Event: 46.776 Thread 0x00007eff4d38ca90 DEOPT PACKING pc=0x00007eff36f88d58 sp=0x00007efed73f06e0
Event: 46.776 Thread 0x00007eff4d38ca90 DEOPT UNPACKING pc=0x00007eff3caa364f sp=0x00007efed73efc30 mode 0
Event: 47.691 Thread 0x00007eff4d38ca90 Uncommon trap: trap_request=0xffffff45 fr.pc=0x00007eff3d609480 relative=0x0000000000000520
Event: 47.691 Thread 0x00007eff4d38ca90 Uncommon trap: reason=unstable_if action=reinterpret pc=0x00007eff3d609480 method=com.android.tools.r8.graph.K0$d.a(Lcom/android/tools/r8/graph/w;Lcom/android/tools/r8/dex/N;)V @ 56 c2
Event: 47.691 Thread 0x00007eff4d38ca90 DEOPT PACKING pc=0x00007eff3d609480 sp=0x00007efed73f0890
Event: 47.691 Thread 0x00007eff4d38ca90 DEOPT UNPACKING pc=0x00007eff3caa2b19 sp=0x00007efed73f0870 mode 2

Classes loaded (20 events):
Event: 39.691 Loading class java/lang/reflect/GenericSignatureFormatError
Event: 39.691 Loading class java/lang/reflect/GenericSignatureFormatError done
Event: 40.050 Loading class java/nio/ShortBuffer
Event: 40.051 Loading class java/nio/ShortBuffer done
Event: 40.051 Loading class java/nio/HeapShortBuffer
Event: 40.056 Loading class java/nio/HeapShortBuffer done
Event: 40.086 Loading class java/util/AbstractList$RandomAccessSubList
Event: 40.087 Loading class java/util/AbstractList$SubList
Event: 40.087 Loading class java/util/AbstractList$SubList done
Event: 40.087 Loading class java/util/AbstractList$RandomAccessSubList done
Event: 40.087 Loading class java/util/AbstractList$SubList$1
Event: 40.087 Loading class java/util/AbstractList$SubList$1 done
Event: 42.873 Loading class java/util/concurrent/ConcurrentLinkedQueue$Itr
Event: 42.873 Loading class java/util/concurrent/ConcurrentLinkedQueue$Itr done
Event: 43.392 Loading class java/util/IdentityHashMap$EntrySet
Event: 43.399 Loading class java/util/IdentityHashMap$EntrySet done
Event: 43.496 Loading class java/util/concurrent/ForkJoinTask$AdaptedCallable
Event: 43.549 Loading class java/util/concurrent/ForkJoinTask$AdaptedCallable done
Event: 44.969 Loading class java/util/IdentityHashMap$ValueIterator
Event: 44.970 Loading class java/util/IdentityHashMap$ValueIterator done

Classes unloaded (0 events):
No events

Classes redefined (0 events):
No events

Internal exceptions (20 events):
Event: 36.752 Thread 0x00007eff22432e00 Implicit null exception at 0x00007eff3d28eaf4 to 0x00007eff3d28f338
Event: 37.175 Thread 0x00007eff4d38ca90 Exception <a 'java/lang/NoSuchMethodError'{0x00000000e404de00}: 'java.lang.Object java.lang.invoke.DirectMethodHandle$Holder.invokeStaticInit(java.lang.Object, java.lang.Object, java.lang.Object, java.lang.Object, java.lang.Object, java.lang.Object, java.lang.Object, java.lang.Object, java.lang.Object, java.lang.Object, java.lang.Object, java.lang.Object, java.lang.Object, java.lang.Object, java.lang.Object, java.lang.Object, java.lang.Object, java.lang.Object, java.lang.Object, java.lang.Object, int, java
Event: 38.392 Thread 0x00007eff22432e00 Exception <a 'java/lang/NoSuchMethodError'{0x00000000e59cab60}: static [Ljava/lang/String;.<clinit>()V> (0x00000000e59cab60) 
thrown [./src/hotspot/share/prims/jni.cpp, line 1112]
Event: 38.395 Thread 0x00007eff22432e00 Exception <a 'java/lang/NoSuchMethodError'{0x00000000e57d52c0}: static Lorg/jetbrains/kotlin/incremental/ChangedFiles$Unknown;.<clinit>()V> (0x00000000e57d52c0) 
thrown [./src/hotspot/share/prims/jni.cpp, line 1112]
Event: 38.449 Thread 0x00007eff22432e00 Exception <a 'java/lang/NoSuchMethodError'{0x00000000e5658c60}: static Lorg/jetbrains/kotlin/incremental/ClasspathChanges$ClasspathSnapshotEnabled$NotAvailableForNonIncrementalRun;.<clinit>()V> (0x00000000e5658c60) 
thrown [./src/hotspot/share/prims/jni.cpp, line 1112]
Event: 38.450 Thread 0x00007eff22432e00 Exception <a 'java/lang/NoSuchMethodError'{0x00000000e565ac98}: static Lorg/jetbrains/kotlin/incremental/ClasspathChanges$ClasspathSnapshotEnabled;.<clinit>()V> (0x00000000e565ac98) 
thrown [./src/hotspot/share/prims/jni.cpp, line 1112]
Event: 38.450 Thread 0x00007eff22432e00 Exception <a 'java/lang/NoSuchMethodError'{0x00000000e565cdd8}: static Lorg/jetbrains/kotlin/incremental/ClasspathChanges;.<clinit>()V> (0x00000000e565cdd8) 
thrown [./src/hotspot/share/prims/jni.cpp, line 1112]
Event: 39.774 Thread 0x00007efef80fcc40 Exception <a 'java/lang/NoSuchMethodError'{0x00000000e7521ba8}: 'long java.lang.invoke.DirectMethodHandle$Holder.invokeStatic(java.lang.Object, java.lang.Object, java.lang.Object)'> (0x00000000e7521ba8) 
thrown [./src/hotspot/share/interpreter/linkResolver.cpp, line 758]
Event: 39.787 Thread 0x00007efef80fcc40 Exception <a 'java/lang/IncompatibleClassChangeError'{0x00000000e7451680}: Found class java.lang.Object, but interface was expected> (0x00000000e7451680) 
thrown [./src/hotspot/share/interpreter/linkResolver.cpp, line 826]
Event: 39.794 Thread 0x00007efef80fcc40 Exception <a 'java/lang/IncompatibleClassChangeError'{0x00000000e74b47f8}: Found class java.lang.Object, but interface was expected> (0x00000000e74b47f8) 
thrown [./src/hotspot/share/interpreter/linkResolver.cpp, line 826]
Event: 39.794 Thread 0x00007efef80fcc40 Exception <a 'java/lang/IncompatibleClassChangeError'{0x00000000e74b8a20}: Found class java.lang.Object, but interface was expected> (0x00000000e74b8a20) 
thrown [./src/hotspot/share/interpreter/linkResolver.cpp, line 826]
Event: 43.490 Thread 0x00007eff4d38ca90 Exception <a 'java/lang/NoSuchMethodError'{0x00000000e7a012c8}: 'void java.lang.invoke.DirectMethodHandle$Holder.invokeStatic(java.lang.Object, java.lang.Object, java.lang.Object, int)'> (0x00000000e7a012c8) 
thrown [./src/hotspot/share/interpreter/linkResolver.cpp, line 758]
Event: 43.492 Thread 0x00007eff4d38ca90 Exception <a 'java/lang/IncompatibleClassChangeError'{0x00000000e7a10620}: Found class java.lang.Object, but interface was expected> (0x00000000e7a10620) 
thrown [./src/hotspot/share/interpreter/linkResolver.cpp, line 826]
Event: 43.493 Thread 0x00007eff4d38ca90 Exception <a 'java/lang/NoSuchMethodError'{0x00000000e7a18260}: 'void java.lang.invoke.DirectMethodHandle$Holder.invokeInterface(java.lang.Object, java.lang.Object, java.lang.Object, int)'> (0x00000000e7a18260) 
thrown [./src/hotspot/share/interpreter/linkResolver.cpp, line 758]
Event: 44.972 Thread 0x00007eff4d38ca90 Exception <a 'java/lang/IncompatibleClassChangeError'{0x00000000ec14f6a0}: Found class java.lang.Object, but interface was expected> (0x00000000ec14f6a0) 
thrown [./src/hotspot/share/interpreter/linkResolver.cpp, line 826]
Event: 45.065 Thread 0x00007eff4d38ca90 Exception <a 'java/lang/NoSuchMethodError'{0x00000000ec0b8f20}: 'java.lang.Object java.lang.invoke.DirectMethodHandle$Holder.newInvokeSpecial(java.lang.Object, java.lang.Object, int, java.lang.Object, java.lang.Object, java.lang.Object)'> (0x00000000ec0b8f20) 
thrown [./src/hotspot/share/interpreter/linkResolver.cpp, line 758]
Event: 45.066 Thread 0x00007eff4d38ca90 Exception <a 'java/lang/NoSuchMethodError'{0x00000000ec0c09e0}: 'java.lang.Object java.lang.invoke.Invokers$Holder.linkToTargetMethod(java.lang.Object, int, java.lang.Object, java.lang.Object, java.lang.Object, java.lang.Object)'> (0x00000000ec0c09e0) 
thrown [./src/hotspot/share/interpreter/linkResolver.cpp, line 758]
Event: 45.067 Thread 0x00007eff4d38ca90 Exception <a 'java/lang/NoSuchMethodError'{0x00000000ec0ce3b0}: 'java.lang.Object java.lang.invoke.DirectMethodHandle$Holder.newInvokeSpecial(java.lang.Object, int, java.lang.Object, java.lang.Object)'> (0x00000000ec0ce3b0) 
thrown [./src/hotspot/share/interpreter/linkResolver.cpp, line 758]
Event: 45.067 Thread 0x00007eff4d38ca90 Exception <a 'java/lang/NoSuchMethodError'{0x00000000ec0d24a0}: 'java.lang.Object java.lang.invoke.DirectMethodHandle$Holder.invokeSpecial(java.lang.Object, java.lang.Object, int, java.lang.Object, java.lang.Object)'> (0x00000000ec0d24a0) 
thrown [./src/hotspot/share/interpreter/linkResolver.cpp, line 758]
Event: 45.262 Thread 0x00007eff4d38ca90 Exception <a 'java/lang/NoSuchMethodError'{0x00000000eba28600}: 'void java.lang.invoke.DirectMethodHandle$Holder.invokeStatic(java.lang.Object, java.lang.Object, java.lang.Object, java.lang.Object, java.lang.Object, java.lang.Object, java.lang.Object, java.lang.Object)'> (0x00000000eba28600) 
thrown [./src/hotspot/share/interpreter/linkResolver.cpp, line 758]

VM Operations (20 events):
Event: 45.152 Executing VM operation: HandshakeAllThreads done
Event: 45.175 Executing VM operation: ICBufferFull
Event: 45.176 Executing VM operation: ICBufferFull done
Event: 45.287 Executing VM operation: HandshakeAllThreads
Event: 45.287 Executing VM operation: HandshakeAllThreads done
Event: 45.473 Executing VM operation: HandshakeAllThreads
Event: 45.474 Executing VM operation: HandshakeAllThreads done
Event: 46.174 Executing VM operation: G1CollectForAllocation
Event: 46.253 Executing VM operation: G1CollectForAllocation done
Event: 46.485 Executing VM operation: G1CollectForAllocation
Event: 46.553 Executing VM operation: G1CollectForAllocation done
Event: 46.653 Executing VM operation: HandshakeAllThreads
Event: 46.653 Executing VM operation: HandshakeAllThreads done
Event: 46.663 Executing VM operation: HandshakeAllThreads
Event: 46.664 Executing VM operation: HandshakeAllThreads done
Event: 47.078 Executing VM operation: ICBufferFull
Event: 47.078 Executing VM operation: ICBufferFull done
Event: 47.676 Executing VM operation: ICBufferFull
Event: 47.676 Executing VM operation: ICBufferFull done
Event: 47.755 Executing VM operation: G1CollectForAllocation

Memory protections (20 events):
Event: 31.961 Protecting memory [0x00007efed74f6000,0x00007efed74fa000] with protection modes 0
Event: 32.150 Protecting memory [0x00007efed73f5000,0x00007efed73f9000] with protection modes 0
Event: 33.248 Protecting memory [0x00007efed72f4000,0x00007efed72f8000] with protection modes 0
Event: 33.356 Protecting memory [0x00007efed71f3000,0x00007efed71f7000] with protection modes 0
Event: 33.568 Protecting memory [0x00007efed70f2000,0x00007efed70f6000] with protection modes 0
Event: 33.585 Protecting memory [0x00007efed2f00000,0x00007efed2f04000] with protection modes 0
Event: 33.765 Protecting memory [0x00007efed2dff000,0x00007efed2e03000] with protection modes 0
Event: 34.174 Protecting memory [0x00007efed2cfe000,0x00007efed2d02000] with protection modes 0
Event: 34.282 Protecting memory [0x00007efed2bfd000,0x00007efed2c01000] with protection modes 0
Event: 34.363 Protecting memory [0x00007eff30e82000,0x00007eff30e86000] with protection modes 0
Event: 34.365 Protecting memory [0x00007efed2afc000,0x00007efed2b00000] with protection modes 0
Event: 34.371 Protecting memory [0x00007efed29fb000,0x00007efed29ff000] with protection modes 0
Event: 34.391 Protecting memory [0x00007efed28fa000,0x00007efed28fe000] with protection modes 0
Event: 35.180 Protecting memory [0x00007efed27f9000,0x00007efed27fd000] with protection modes 0
Event: 35.893 Protecting memory [0x00007efed76f8000,0x00007efed76fc000] with protection modes 0
Event: 36.093 Protecting memory [0x00007efed26f8000,0x00007efed26fc000] with protection modes 0
Event: 36.365 Protecting memory [0x00007efed25f7000,0x00007efed25fb000] with protection modes 0
Event: 36.382 Protecting memory [0x00007efed24f6000,0x00007efed24fa000] with protection modes 0
Event: 39.654 Protecting memory [0x00007efed22f4000,0x00007efed22f8000] with protection modes 0
Event: 39.662 Protecting memory [0x00007efed21f3000,0x00007efed21f7000] with protection modes 0

Nmethod flushes (20 events):
Event: 38.770 Thread 0x00007eff4c0aed80 flushing  nmethod 0x00007eff36e66190
Event: 38.770 Thread 0x00007eff4c0aed80 flushing  nmethod 0x00007eff36e66910
Event: 38.770 Thread 0x00007eff4c0aed80 flushing  nmethod 0x00007eff36e66f90
Event: 38.770 Thread 0x00007eff4c0aed80 flushing  nmethod 0x00007eff36e67d10
Event: 38.770 Thread 0x00007eff4c0aed80 flushing  nmethod 0x00007eff36e68790
Event: 38.770 Thread 0x00007eff4c0aed80 flushing  nmethod 0x00007eff36e68b10
Event: 38.770 Thread 0x00007eff4c0aed80 flushing  nmethod 0x00007eff36e68e90
Event: 38.770 Thread 0x00007eff4c0aed80 flushing  nmethod 0x00007eff36e6a810
Event: 38.770 Thread 0x00007eff4c0aed80 flushing  nmethod 0x00007eff36e6b190
Event: 38.770 Thread 0x00007eff4c0aed80 flushing  nmethod 0x00007eff36e6b990
Event: 38.770 Thread 0x00007eff4c0aed80 flushing  nmethod 0x00007eff36e6c290
Event: 45.497 Thread 0x00007eff4c0aed80 flushing  nmethod 0x00007eff363f7610
Event: 45.557 Thread 0x00007eff4c0aed80 flushing  nmethod 0x00007eff36de5c90
Event: 45.557 Thread 0x00007eff4c0aed80 flushing  nmethod 0x00007eff36e48e90
Event: 45.557 Thread 0x00007eff4c0aed80 flushing  nmethod 0x00007eff36e4a510
Event: 45.557 Thread 0x00007eff4c0aed80 flushing  nmethod 0x00007eff36e4c910
Event: 45.558 Thread 0x00007eff4c0aed80 flushing  nmethod 0x00007eff36e50b90
Event: 45.558 Thread 0x00007eff4c0aed80 flushing  nmethod 0x00007eff36e51d10
Event: 45.558 Thread 0x00007eff4c0aed80 flushing  nmethod 0x00007eff36e5a410
Event: 45.558 Thread 0x00007eff4c0aed80 flushing  nmethod 0x00007eff36e64490

Events (20 events):
Event: 32.094 Thread 0x00007eff2c0366d0 Thread added: 0x00007eff4d35a220
Event: 33.192 Thread 0x00007eff2c0366d0 Thread added: 0x00007eff4d38ca90
Event: 33.352 Thread 0x00007eff2c0366d0 Thread added: 0x00007eff4d3a0530
Event: 33.568 Thread 0x00007eff22432e00 Thread added: 0x00007eff2c0cc660
Event: 33.581 Thread 0x00007eff22432e00 Thread added: 0x00007eff2c0cf1e0
Event: 33.760 Thread 0x00007eff22432e00 Thread added: 0x00007eff2c0d0360
Event: 34.167 Thread 0x00007eff2c0366d0 Thread added: 0x00007eff4d3aa4b0
Event: 34.279 Thread 0x00007eff4d38ca90 Thread added: 0x00007efef004e660
Event: 34.357 Thread 0x00007eff4d38ca90 Thread added: 0x00007efef00525b0
Event: 34.363 Thread 0x00007eff4d38ca90 Thread added: 0x00007efef00544a0
Event: 34.370 Thread 0x00007eff4d38ca90 Thread added: 0x00007efef0055570
Event: 34.384 Thread 0x00007eff2c0366d0 Thread added: 0x00007eff4d3a4760
Event: 35.175 Thread 0x00007eff2c0366d0 Thread added: 0x00007eff4d3b4950
Event: 35.194 Thread 0x00007eff4d35c650 Thread exited: 0x00007eff4d35c650
Event: 35.890 Thread 0x00007eff22432e00 Thread added: 0x00007eff2c0da420
Event: 36.093 Thread 0x00007eff22432e00 Thread added: 0x00007eff2c07a660
Event: 36.361 Thread 0x00007eff22432e00 Thread added: 0x00007eff2c07ba20
Event: 36.380 Thread 0x00007eff22432e00 Thread added: 0x00007eff2c079d50
Event: 39.654 Thread 0x00007eff4d38ca90 Thread added: 0x00007efef018f670
Event: 39.661 Thread 0x00007efef018f670 Thread added: 0x00007efef80fcc40


Dynamic libraries:
d0000000-eca00000 rw-p 00000000 00:00 0 
f2b00000-ffe00000 ---p 00000000 00:00 0 
ffe00000-ffe75000 rw-p 00c7a000 00:25 13853                              /usr/lib/jvm/java-17-openjdk-amd64/lib/server/classes.jsa
ffe75000-fff00000 rw-p 00000000 00:00 0 
fff00000-fff78000 rw-p 00c02000 00:25 13853                              /usr/lib/jvm/java-17-openjdk-amd64/lib/server/classes.jsa
fff78000-100000000 rw-p 00000000 00:00 0 
55ef1e7ab000-55ef1e7ac000 r--p 00000000 00:25 13495                      /usr/lib/jvm/java-17-openjdk-amd64/bin/java
55ef1e7ac000-55ef1e7ad000 r-xp 00001000 00:25 13495                      /usr/lib/jvm/java-17-openjdk-amd64/bin/java
55ef1e7ad000-55ef1e7ae000 r--p 00002000 00:25 13495                      /usr/lib/jvm/java-17-openjdk-amd64/bin/java
55ef1e7ae000-55ef1e7af000 r--p 00002000 00:25 13495                      /usr/lib/jvm/java-17-openjdk-amd64/bin/java
55ef1e7af000-55ef1e7b0000 rw-p 00003000 00:25 13495                      /usr/lib/jvm/java-17-openjdk-amd64/bin/java
55ef1fb1e000-55ef1fbae000 rw-p 00000000 00:00 0                          [heap]
7efed21f2000-7efed21f3000 ---p 00000000 00:00 0 
7efed21f3000-7efed21f7000 ---p 00000000 00:00 0 
7efed21f7000-7efed22f3000 rw-p 00000000 00:00 0 
7efed22f3000-7efed22f4000 ---p 00000000 00:00 0 
7efed22f4000-7efed22f8000 ---p 00000000 00:00 0 
7efed22f8000-7efed23f4000 rw-p 00000000 00:00 0 
7efed23f4000-7efed23f5000 ---p 00000000 00:00 0 
7efed23f5000-7efed24f5000 rw-p 00000000 00:00 0 
7efed24f5000-7efed24f6000 ---p 00000000 00:00 0 
7efed24f6000-7efed24fa000 ---p 00000000 00:00 0 
7efed24fa000-7efed25f6000 rw-p 00000000 00:00 0 
7efed25f6000-7efed25f7000 ---p 00000000 00:00 0 
7efed25f7000-7efed25fb000 ---p 00000000 00:00 0 
7efed25fb000-7efed26f7000 rw-p 00000000 00:00 0 
7efed26f7000-7efed26f8000 ---p 00000000 00:00 0 
7efed26f8000-7efed26fc000 ---p 00000000 00:00 0 
7efed26fc000-7efed27f8000 rw-p 00000000 00:00 0 
7efed27f8000-7efed27f9000 ---p 00000000 00:00 0 
7efed27f9000-7efed27fd000 ---p 00000000 00:00 0 
7efed27fd000-7efed28f9000 rw-p 00000000 00:00 0 
7efed28f9000-7efed28fa000 ---p 00000000 00:00 0 
7efed28fa000-7efed28fe000 ---p 00000000 00:00 0 
7efed28fe000-7efed29fa000 rw-p 00000000 00:00 0 
7efed29fa000-7efed29fb000 ---p 00000000 00:00 0 
7efed29fb000-7efed29ff000 ---p 00000000 00:00 0 
7efed29ff000-7efed2afb000 rw-p 00000000 00:00 0 
7efed2afb000-7efed2afc000 ---p 00000000 00:00 0 
7efed2afc000-7efed2b00000 ---p 00000000 00:00 0 
7efed2b00000-7efed2bfc000 rw-p 00000000 00:00 0 
7efed2bfc000-7efed2bfd000 ---p 00000000 00:00 0 
7efed2bfd000-7efed2c01000 ---p 00000000 00:00 0 
7efed2c01000-7efed2cfd000 rw-p 00000000 00:00 0 
7efed2cfd000-7efed2cfe000 ---p 00000000 00:00 0 
7efed2cfe000-7efed2d02000 ---p 00000000 00:00 0 
7efed2d02000-7efed2dfe000 rw-p 00000000 00:00 0 
7efed2dfe000-7efed2dff000 ---p 00000000 00:00 0 
7efed2dff000-7efed2e03000 ---p 00000000 00:00 0 
7efed2e03000-7efed2eff000 rw-p 00000000 00:00 0 
7efed2eff000-7efed2f00000 ---p 00000000 00:00 0 
7efed2f00000-7efed2f04000 ---p 00000000 00:00 0 
7efed2f04000-7efed3380000 rw-p 00000000 00:00 0 
7efed3380000-7efed3500000 rw-p 00000000 00:00 0 
7efed3500000-7efed3600000 rw-p 00000000 00:00 0 
7efed3600000-7efed3f80000 rw-p 00000000 00:00 0 
7efed3f80000-7efed4000000 rw-p 00000000 00:00 0 
7efed4000000-7efed49c0000 rw-p 00000000 00:00 0 
7efed49c0000-7efed49f0000 rw-p 00000000 00:00 0 
7efed49f0000-7efed4a00000 ---p 00000000 00:00 0 
7efed4a00000-7efed4e50000 rw-p 00000000 00:00 0 
7efed4e50000-7efed7000000 ---p 00000000 00:00 0 
7efed70f1000-7efed70f2000 ---p 00000000 00:00 0 
7efed70f2000-7efed70f6000 ---p 00000000 00:00 0 
7efed70f6000-7efed71f2000 rw-p 00000000 00:00 0 
7efed71f2000-7efed71f3000 ---p 00000000 00:00 0 
7efed71f3000-7efed71f7000 ---p 00000000 00:00 0 
7efed71f7000-7efed72f3000 rw-p 00000000 00:00 0 
7efed72f3000-7efed72f4000 ---p 00000000 00:00 0 
7efed72f4000-7efed72f8000 ---p 00000000 00:00 0 
7efed72f8000-7efed73f4000 rw-p 00000000 00:00 0 
7efed73f4000-7efed73f5000 ---p 00000000 00:00 0 
7efed73f5000-7efed73f9000 ---p 00000000 00:00 0 
7efed73f9000-7efed74f5000 rw-p 00000000 00:00 0 
7efed74f5000-7efed74f6000 ---p 00000000 00:00 0 
7efed74f6000-7efed74fa000 ---p 00000000 00:00 0 
7efed74fa000-7efed75f6000 rw-p 00000000 00:00 0 
7efed75f6000-7efed75f7000 ---p 00000000 00:00 0 
7efed75f7000-7efed75fb000 ---p 00000000 00:00 0 
7efed75fb000-7efed76f7000 rw-p 00000000 00:00 0 
7efed76f7000-7efed76f8000 ---p 00000000 00:00 0 
7efed76f8000-7efed76fc000 ---p 00000000 00:00 0 
7efed76fc000-7efed77f8000 rw-p 00000000 00:00 0 
7efed77f8000-7efed77f9000 ---p 00000000 00:00 0 
7efed77f9000-7efed77fd000 ---p 00000000 00:00 0 
7efed77fd000-7efed78f9000 rw-p 00000000 00:00 0 
7efed78f9000-7efed78fa000 ---p 00000000 00:00 0 
7efed78fa000-7efed78fe000 ---p 00000000 00:00 0 
7efed78fe000-7efed79fa000 rw-p 00000000 00:00 0 
7efed79fa000-7efed79fb000 ---p 00000000 00:00 0 
7efed79fb000-7efed79ff000 ---p 00000000 00:00 0 
7efed79ff000-7efed7afb000 rw-p 00000000 00:00 0 
7efed7afb000-7efed7afc000 ---p 00000000 00:00 0 
7efed7afc000-7efed7b00000 ---p 00000000 00:00 0 
7efed7b00000-7efed7bfc000 rw-p 00000000 00:00 0 
7efed7bfc000-7efed7bfd000 ---p 00000000 00:00 0 
7efed7bfd000-7efed7c01000 ---p 00000000 00:00 0 
7efed7c01000-7efed7cfd000 rw-p 00000000 00:00 0 
7efed7cfd000-7efed7cfe000 ---p 00000000 00:00 0 
7efed7cfe000-7efed7d02000 ---p 00000000 00:00 0 
7efed7d02000-7efed7dfe000 rw-p 00000000 00:00 0 
7efed7dfe000-7efed7dff000 ---p 00000000 00:00 0 
7efed7dff000-7efed7e03000 ---p 00000000 00:00 0 
7efed7e03000-7efed7eff000 rw-p 00000000 00:00 0 
7efed7eff000-7efed7f00000 ---p 00000000 00:00 0 
7efed7f00000-7efed7f04000 ---p 00000000 00:00 0 
7efed7f04000-7efed8000000 rw-p 00000000 00:00 0 
7efed8000000-7efed9626000 rw-p 00000000 00:00 0 
7efed9626000-7efedc000000 ---p 00000000 00:00 0 
7efedc000000-7efedc05c000 rw-p 00000000 00:00 0 
7efedc05c000-7efee0000000 ---p 00000000 00:00 0 
7efee0000000-7efee008f000 rw-p 00000000 00:00 0 
7efee008f000-7efee4000000 ---p 00000000 00:00 0 
7efee4000000-7efee7dc9000 rw-p 00000000 00:00 0 
7efee7dc9000-7efee8000000 ---p 00000000 00:00 0 
7efee8000000-7efee8021000 rw-p 00000000 00:00 0 
7efee8021000-7efeec000000 ---p 00000000 00:00 0 
7efeec000000-7efeec055000 rw-p 00000000 00:00 0 
7efeec055000-7efef0000000 ---p 00000000 00:00 0 
7efef0000000-7efef0375000 rw-p 00000000 00:00 0 
7efef0375000-7efef4000000 ---p 00000000 00:00 0 
7efef4000000-7efef4021000 rw-p 00000000 00:00 0 
7efef4021000-7efef8000000 ---p 00000000 00:00 0 
7efef8000000-7efef8562000 rw-p 00000000 00:00 0 
7efef8562000-7efefc000000 ---p 00000000 00:00 0 
7efefc0f1000-7efefc0f2000 ---p 00000000 00:00 0 
7efefc0f2000-7efefc0f6000 ---p 00000000 00:00 0 
7efefc0f6000-7efefc1f2000 rw-p 00000000 00:00 0 
7efefc1f2000-7efefc1f3000 ---p 00000000 00:00 0 
7efefc1f3000-7efefc1f7000 ---p 00000000 00:00 0 
7efefc1f7000-7efefc2f3000 rw-p 00000000 00:00 0 
7efefc2f3000-7efefc2f4000 ---p 00000000 00:00 0 
7efefc2f4000-7efefc2f8000 ---p 00000000 00:00 0 
7efefc2f8000-7efefc3f4000 rw-p 00000000 00:00 0 
7efefc3f4000-7efefc3f5000 ---p 00000000 00:00 0 
7efefc3f5000-7efefc3f9000 ---p 00000000 00:00 0 
7efefc3f9000-7efefc4f5000 rw-p 00000000 00:00 0 
7efefc4f5000-7efefc4f6000 ---p 00000000 00:00 0 
7efefc4f6000-7efefc4fa000 ---p 00000000 00:00 0 
7efefc4fa000-7efefc5f6000 rw-p 00000000 00:00 0 
7efefc5f6000-7efefc5f7000 ---p 00000000 00:00 0 
7efefc5f7000-7efefc5fb000 ---p 00000000 00:00 0 
7efefc5fb000-7efefc6f7000 rw-p 00000000 00:00 0 
7efefc6f7000-7efefc6f8000 ---p 00000000 00:00 0 
7efefc6f8000-7efefc6fc000 ---p 00000000 00:00 0 
7efefc6fc000-7efefc7f8000 rw-p 00000000 00:00 0 
7efefc7f8000-7efefc7f9000 ---p 00000000 00:00 0 
7efefc7f9000-7efefc7fd000 ---p 00000000 00:00 0 
7efefc7fd000-7efefc8f9000 rw-p 00000000 00:00 0 
7efefc8f9000-7efefc8fa000 ---p 00000000 00:00 0 
7efefc8fa000-7efefc8fe000 ---p 00000000 00:00 0 
7efefc8fe000-7efefc9fa000 rw-p 00000000 00:00 0 
7efefc9fa000-7efefc9fb000 ---p 00000000 00:00 0 
7efefc9fb000-7efefc9ff000 ---p 00000000 00:00 0 
7efefc9ff000-7efefcafb000 rw-p 00000000 00:00 0 
7efefcafb000-7efefcafc000 ---p 00000000 00:00 0 
7efefcafc000-7efefcb00000 ---p 00000000 00:00 0 
7efefcb00000-7efefcbfc000 rw-p 00000000 00:00 0 
7efefcbfc000-7efefcbfd000 ---p 00000000 00:00 0 
7efefcbfd000-7efefcc01000 ---p 00000000 00:00 0 
7efefcc01000-7efefccfd000 rw-p 00000000 00:00 0 
7efefccfd000-7efefccfe000 ---p 00000000 00:00 0 
7efefccfe000-7efefcd02000 ---p 00000000 00:00 0 
7efefcd02000-7efefcdfe000 rw-p 00000000 00:00 0 
7efefcdfe000-7efefcdff000 ---p 00000000 00:00 0 
7efefcdff000-7efefce03000 ---p 00000000 00:00 0 
7efefce03000-7efefceff000 rw-p 00000000 00:00 0 
7efefceff000-7efefcf00000 ---p 00000000 00:00 0 
7efefcf00000-7efefcf04000 ---p 00000000 00:00 0 
7efefcf04000-7efefd400000 rw-p 00000000 00:00 0 
7efefd400000-7efefd900000 rw-p 00000000 00:00 0 
7efefd900000-7efefda00000 rw-p 00000000 00:00 0 
7efefda00000-7efefe500000 rw-p 00000000 00:00 0 
7efefe500000-7efefe600000 rw-p 00000000 00:00 0 
7efefe600000-7efefe700000 rw-p 00000000 00:00 0 
7efefe700000-7efefe800000 rw-p 00000000 00:00 0 
7efefe800000-7efefe980000 rw-p 00000000 00:00 0 
7efefe980000-7efefea00000 rw-p 00000000 00:00 0 
7efefea00000-7efeff200000 rw-p 00000000 00:00 0 
7efeff200000-7efeff300000 rw-p 00000000 00:00 0 
7efeff300000-7efeff400000 rw-p 00000000 00:00 0 
7efeff400000-7efeffb00000 rw-p 00000000 00:00 0 
7efeffb00000-7efeffc00000 rw-p 00000000 00:00 0 
7efeffc00000-7efefff80000 rw-p 00000000 00:00 0 
7efefff80000-7eff00100000 rw-p 00000000 00:00 0 
7eff00100000-7eff01000000 rw-p 00000000 00:00 0 
7eff01000000-7eff01455000 rw-p 00001000 00:25 13853                      /usr/lib/jvm/java-17-openjdk-amd64/lib/server/classes.jsa
7eff01455000-7eff01bca000 rw-p 00456000 00:25 13853                      /usr/lib/jvm/java-17-openjdk-amd64/lib/server/classes.jsa
7eff01bca000-7eff02000000 ---p 00000000 00:00 0 
7eff02000000-7eff02040000 rw-p 00000000 00:00 0 
7eff02040000-7eff02080000 rw-p 00000000 00:00 0 
7eff02080000-7eff02140000 rw-p 00000000 00:00 0 
7eff02140000-7eff023e0000 rw-p 00000000 00:00 0 
7eff023e0000-7eff02440000 rw-p 00000000 00:00 0 
7eff02440000-7eff02480000 rw-p 00000000 00:00 0 
7eff02480000-7eff027c0000 rw-p 00000000 00:00 0 
7eff027c0000-7eff02800000 rw-p 00000000 00:00 0 
7eff02800000-7eff02b70000 rw-p 00000000 00:00 0 
7eff02b70000-7eff02b80000 ---p 00000000 00:00 0 
7eff02b80000-7eff02f50000 rw-p 00000000 00:00 0 
7eff02f50000-7eff1c000000 ---p 00000000 00:00 0 
7eff1c000000-7eff1c03b000 rw-p 00000000 00:00 0 
7eff1c03b000-7eff20000000 ---p 00000000 00:00 0 
7eff20000000-7eff22438000 rw-p 00000000 00:00 0 
7eff22438000-7eff24000000 ---p 00000000 00:00 0 
7eff24000000-7eff24028000 rw-p 00000000 00:00 0 
7eff24028000-7eff28000000 ---p 00000000 00:00 0 
7eff28000000-7eff280a0000 rw-p 00000000 00:00 0 
7eff280a0000-7eff2c000000 ---p 00000000 00:00 0 
7eff2c000000-7eff2c20f000 rw-p 00000000 00:00 0 
7eff2c20f000-7eff30000000 ---p 00000000 00:00 0 
7eff300f9000-7eff300fa000 ---p 00000000 00:00 0 
7eff300fa000-7eff300fe000 ---p 00000000 00:00 0 
7eff300fe000-7eff301fa000 rw-p 00000000 00:00 0 
7eff301fa000-7eff301fb000 ---p 00000000 00:00 0 
7eff301fb000-7eff301ff000 ---p 00000000 00:00 0 
7eff301ff000-7eff302fb000 rw-p 00000000 00:00 0 
7eff302fb000-7eff302fc000 ---p 00000000 00:00 0 
7eff302fc000-7eff30300000 ---p 00000000 00:00 0 
7eff30300000-7eff303fc000 rw-p 00000000 00:00 0 
7eff303fc000-7eff303fd000 ---p 00000000 00:00 0 
7eff303fd000-7eff30401000 ---p 00000000 00:00 0 
7eff30401000-7eff304fd000 rw-p 00000000 00:00 0 
7eff304fd000-7eff304fe000 ---p 00000000 00:00 0 
7eff304fe000-7eff30502000 ---p 00000000 00:00 0 
7eff30502000-7eff305fe000 rw-p 00000000 00:00 0 
7eff305fe000-7eff305ff000 ---p 00000000 00:00 0 
7eff305ff000-7eff30603000 ---p 00000000 00:00 0 
7eff30603000-7eff306ff000 rw-p 00000000 00:00 0 
7eff306ff000-7eff30700000 ---p 00000000 00:00 0 
7eff30700000-7eff30704000 ---p 00000000 00:00 0 
7eff30704000-7eff30800000 rw-p 00000000 00:00 0 
7eff30800000-7eff30853000 r-xp 00000000 fe:00 532814                     /root/.gradle/native/e376f236ea51e6404a007f0833ffe2c6e607c4080706a723a18a27aeea778392/linux-amd64/libnative-platform-file-events.so
7eff30853000-7eff30a52000 ---p 00053000 fe:00 532814                     /root/.gradle/native/e376f236ea51e6404a007f0833ffe2c6e607c4080706a723a18a27aeea778392/linux-amd64/libnative-platform-file-events.so
7eff30a52000-7eff30a53000 r--p 00052000 fe:00 532814                     /root/.gradle/native/e376f236ea51e6404a007f0833ffe2c6e607c4080706a723a18a27aeea778392/linux-amd64/libnative-platform-file-events.so
7eff30a53000-7eff30a55000 rw-p 00053000 fe:00 532814                     /root/.gradle/native/e376f236ea51e6404a007f0833ffe2c6e607c4080706a723a18a27aeea778392/linux-amd64/libnative-platform-file-events.so
7eff30aff000-7eff30b00000 ---p 00000000 00:00 0 
7eff30b00000-7eff30b04000 ---p 00000000 00:00 0 
7eff30b04000-7eff30c00000 rw-p 00000000 00:00 0 
7eff30c00000-7eff30c05000 r-xp 00000000 fe:00 532791                     /root/.gradle/native/68d5fa5c4cc2d200863cafc0d521ce42e7d3e7ee720ec0a83991735586a16f82/linux-amd64/libnative-platform.so
7eff30c05000-7eff30e05000 ---p 00005000 fe:00 532791                     /root/.gradle/native/68d5fa5c4cc2d200863cafc0d521ce42e7d3e7ee720ec0a83991735586a16f82/linux-amd64/libnative-platform.so
7eff30e05000-7eff30e06000 r--p 00005000 fe:00 532791                     /root/.gradle/native/68d5fa5c4cc2d200863cafc0d521ce42e7d3e7ee720ec0a83991735586a16f82/linux-amd64/libnative-platform.so
7eff30e06000-7eff30e07000 rw-p 00006000 fe:00 532791                     /root/.gradle/native/68d5fa5c4cc2d200863cafc0d521ce42e7d3e7ee720ec0a83991735586a16f82/linux-amd64/libnative-platform.so
7eff30e81000-7eff30e82000 ---p 00000000 00:00 0 
7eff30e82000-7eff30e86000 ---p 00000000 00:00 0 
7eff30e86000-7eff30ea4000 rw-p 00000000 00:00 0 
7eff30ea4000-7eff30ea5000 ---p 00000000 00:00 0 
7eff30ea5000-7eff30ea9000 ---p 00000000 00:00 0 
7eff30ea9000-7eff30fa5000 rw-p 00000000 00:00 0 
7eff30fa5000-7eff30fa7000 r--p 00000000 00:25 13832                      /usr/lib/jvm/java-17-openjdk-amd64/lib/libmanagement_ext.so
7eff30fa7000-7eff30faa000 r-xp 00002000 00:25 13832                      /usr/lib/jvm/java-17-openjdk-amd64/lib/libmanagement_ext.so
7eff30faa000-7eff30fab000 r--p 00005000 00:25 13832                      /usr/lib/jvm/java-17-openjdk-amd64/lib/libmanagement_ext.so
7eff30fab000-7eff30fac000 r--p 00006000 00:25 13832                      /usr/lib/jvm/java-17-openjdk-amd64/lib/libmanagement_ext.so
7eff30fac000-7eff30fad000 rw-p 00007000 00:25 13832                      /usr/lib/jvm/java-17-openjdk-amd64/lib/libmanagement_ext.so
7eff30fad000-7eff30fae000 ---p 00000000 00:00 0 
7eff30fae000-7eff310ae000 rw-p 00000000 00:00 0 
7eff310ae000-7eff310af000 ---p 00000000 00:00 0 
7eff310af000-7eff311af000 rw-p 00000000 00:00 0 
7eff311af000-7eff311b0000 ---p 00000000 00:00 0 
7eff311b0000-7eff311b4000 ---p 00000000 00:00 0 
7eff311b4000-7eff312b0000 rw-p 00000000 00:00 0 
7eff312b0000-7eff312b1000 ---p 00000000 00:00 0 
7eff312b1000-7eff312b5000 ---p 00000000 00:00 0 
7eff312b5000-7eff313b1000 rw-p 00000000 00:00 0 
7eff313b1000-7eff313b2000 ---p 00000000 00:00 0 
7eff313b2000-7eff313b6000 ---p 00000000 00:00 0 
7eff313b6000-7eff314b2000 rw-p 00000000 00:00 0 
7eff314b2000-7eff314b3000 ---p 00000000 00:00 0 
7eff314b3000-7eff314b7000 ---p 00000000 00:00 0 
7eff314b7000-7eff315b3000 rw-p 00000000 00:00 0 
7eff315b3000-7eff315b4000 ---p 00000000 00:00 0 
7eff315b4000-7eff315b8000 ---p 00000000 00:00 0 
7eff315b8000-7eff316b4000 rw-p 00000000 00:00 0 
7eff316b4000-7eff316b5000 ---p 00000000 00:00 0 
7eff316b5000-7eff316b9000 ---p 00000000 00:00 0 
7eff316b9000-7eff317b5000 rw-p 00000000 00:00 0 
7eff317b5000-7eff317b6000 ---p 00000000 00:00 0 
7eff317b6000-7eff317ba000 ---p 00000000 00:00 0 
7eff317ba000-7eff318b6000 rw-p 00000000 00:00 0 
7eff318b6000-7eff318b7000 ---p 00000000 00:00 0 
7eff318b7000-7eff318bb000 ---p 00000000 00:00 0 
7eff318bb000-7eff319b7000 rw-p 00000000 00:00 0 
7eff319b7000-7eff31a0e000 r--p 00000000 00:25 13893                      /usr/lib/locale/C.utf8/LC_CTYPE
7eff31a0e000-7eff31a0f000 ---p 00000000 00:00 0 
7eff31a0f000-7eff31a13000 ---p 00000000 00:00 0 
7eff31a13000-7eff31b0f000 rw-p 00000000 00:00 0 
7eff31b0f000-7eff31b10000 ---p 00000000 00:00 0 
7eff31b10000-7eff31b14000 ---p 00000000 00:00 0 
7eff31b14000-7eff31c10000 rw-p 00000000 00:00 0 
7eff31c10000-7eff31c11000 ---p 00000000 00:00 0 
7eff31c11000-7eff34439000 rw-p 00000000 00:00 0 
7eff34439000-7eff34909000 ---p 00000000 00:00 0 
7eff34909000-7eff35039000 rw-p 00000000 00:00 0 
7eff35039000-7eff35509000 ---p 00000000 00:00 0 
7eff35509000-7eff35511000 rw-p 00000000 00:00 0 
7eff35511000-7eff36fe1000 rwxp 00000000 00:00 0 
7eff36fe1000-7eff3ca49000 ---p 00000000 00:00 0 
7eff3ca49000-7eff3ccd9000 rwxp 00000000 00:00 0 
7eff3ccd9000-7eff3cfd8000 ---p 00000000 00:00 0 
7eff3cfd8000-7eff3d618000 rwxp 00000000 00:00 0 
7eff3d618000-7eff44511000 ---p 00000000 00:00 0 
7eff44511000-7eff4c000000 r--s 00000000 00:25 13844                      /usr/lib/jvm/java-17-openjdk-amd64/lib/modules
7eff4c000000-7eff4d3c0000 rw-p 00000000 00:00 0 
7eff4d3c0000-7eff50000000 ---p 00000000 00:00 0 
7eff50001000-7eff50002000 r--p 00000000 00:25 13813                      /usr/lib/jvm/java-17-openjdk-amd64/lib/libextnet.so
7eff50002000-7eff50003000 r-xp 00001000 00:25 13813                      /usr/lib/jvm/java-17-openjdk-amd64/lib/libextnet.so
7eff50003000-7eff50004000 r--p 00002000 00:25 13813                      /usr/lib/jvm/java-17-openjdk-amd64/lib/libextnet.so
7eff50004000-7eff50005000 r--p 00002000 00:25 13813                      /usr/lib/jvm/java-17-openjdk-amd64/lib/libextnet.so
7eff50005000-7eff50006000 rw-p 00003000 00:25 13813                      /usr/lib/jvm/java-17-openjdk-amd64/lib/libextnet.so
7eff50006000-7eff50007000 r--p 00000000 00:25 18162                      /usr/lib/x86_64-linux-gnu/libpthread.so.0
7eff50007000-7eff50008000 r-xp 00001000 00:25 18162                      /usr/lib/x86_64-linux-gnu/libpthread.so.0
7eff50008000-7eff50009000 r--p 00002000 00:25 18162                      /usr/lib/x86_64-linux-gnu/libpthread.so.0
7eff50009000-7eff5000a000 r--p 00002000 00:25 18162                      /usr/lib/x86_64-linux-gnu/libpthread.so.0
7eff5000a000-7eff5000b000 rw-p 00003000 00:25 18162                      /usr/lib/x86_64-linux-gnu/libpthread.so.0
7eff5000b000-7eff5000f000 r--p 00000000 00:25 13842                      /usr/lib/jvm/java-17-openjdk-amd64/lib/libverify.so
7eff5000f000-7eff50016000 r-xp 00004000 00:25 13842                      /usr/lib/jvm/java-17-openjdk-amd64/lib/libverify.so
7eff50016000-7eff50018000 r--p 0000b000 00:25 13842                      /usr/lib/jvm/java-17-openjdk-amd64/lib/libverify.so
7eff50018000-7eff5001a000 r--p 0000c000 00:25 13842                      /usr/lib/jvm/java-17-openjdk-amd64/lib/libverify.so
7eff5001a000-7eff5001b000 rw-p 0000e000 00:25 13842                      /usr/lib/jvm/java-17-openjdk-amd64/lib/libverify.so
7eff5001b000-7eff5001f000 r--p 00000000 00:25 13834                      /usr/lib/jvm/java-17-openjdk-amd64/lib/libnet.so
7eff5001f000-7eff5002d000 r-xp 00004000 00:25 13834                      /usr/lib/jvm/java-17-openjdk-amd64/lib/libnet.so
7eff5002d000-7eff50031000 r--p 00012000 00:25 13834                      /usr/lib/jvm/java-17-openjdk-amd64/lib/libnet.so
7eff50031000-7eff50032000 r--p 00015000 00:25 13834                      /usr/lib/jvm/java-17-openjdk-amd64/lib/libnet.so
7eff50032000-7eff50033000 rw-p 00016000 00:25 13834                      /usr/lib/jvm/java-17-openjdk-amd64/lib/libnet.so
7eff50033000-7eff50038000 r--p 00000000 00:25 13828                      /usr/lib/jvm/java-17-openjdk-amd64/lib/libjsvml.so
7eff50038000-7eff50079000 r-xp 00005000 00:25 13828                      /usr/lib/jvm/java-17-openjdk-amd64/lib/libjsvml.so
7eff50079000-7eff50102000 r--p 00046000 00:25 13828                      /usr/lib/jvm/java-17-openjdk-amd64/lib/libjsvml.so
7eff50102000-7eff50103000 r--p 000ce000 00:25 13828                      /usr/lib/jvm/java-17-openjdk-amd64/lib/libjsvml.so
7eff50103000-7eff50104000 rw-p 000cf000 00:25 13828                      /usr/lib/jvm/java-17-openjdk-amd64/lib/libjsvml.so
7eff50104000-7eff50221000 rw-p 00000000 00:00 0 
7eff50224000-7eff50226000 r--p 00000000 00:25 13830                      /usr/lib/jvm/java-17-openjdk-amd64/lib/libmanagement.so
7eff50226000-7eff50227000 r-xp 00002000 00:25 13830                      /usr/lib/jvm/java-17-openjdk-amd64/lib/libmanagement.so
7eff50227000-7eff50228000 r--p 00003000 00:25 13830                      /usr/lib/jvm/java-17-openjdk-amd64/lib/libmanagement.so
7eff50228000-7eff50229000 r--p 00003000 00:25 13830                      /usr/lib/jvm/java-17-openjdk-amd64/lib/libmanagement.so
7eff50229000-7eff5022a000 rw-p 00004000 00:25 13830                      /usr/lib/jvm/java-17-openjdk-amd64/lib/libmanagement.so
7eff5022a000-7eff50231000 r--p 00000000 00:25 13835                      /usr/lib/jvm/java-17-openjdk-amd64/lib/libnio.so
7eff50231000-7eff5023a000 r-xp 00007000 00:25 13835                      /usr/lib/jvm/java-17-openjdk-amd64/lib/libnio.so
7eff5023a000-7eff5023e000 r--p 00010000 00:25 13835                      /usr/lib/jvm/java-17-openjdk-amd64/lib/libnio.so
7eff5023e000-7eff5023f000 r--p 00014000 00:25 13835                      /usr/lib/jvm/java-17-openjdk-amd64/lib/libnio.so
7eff5023f000-7eff50240000 rw-p 00015000 00:25 13835                      /usr/lib/jvm/java-17-openjdk-amd64/lib/libnio.so
7eff50240000-7eff50242000 r--p 00000000 00:25 13843                      /usr/lib/jvm/java-17-openjdk-amd64/lib/libzip.so
7eff50242000-7eff50246000 r-xp 00002000 00:25 13843                      /usr/lib/jvm/java-17-openjdk-amd64/lib/libzip.so
7eff50246000-7eff50248000 r--p 00006000 00:25 13843                      /usr/lib/jvm/java-17-openjdk-amd64/lib/libzip.so
7eff50248000-7eff50249000 r--p 00007000 00:25 13843                      /usr/lib/jvm/java-17-openjdk-amd64/lib/libzip.so
7eff50249000-7eff5024a000 rw-p 00008000 00:25 13843                      /usr/lib/jvm/java-17-openjdk-amd64/lib/libzip.so
7eff5024a000-7eff5024b000 r--p 00000000 00:25 13899                      /usr/lib/locale/C.utf8/LC_NUMERIC
7eff5024b000-7eff5024c000 r--p 00000000 00:25 13902                      /usr/lib/locale/C.utf8/LC_TIME
7eff5024c000-7eff5024d000 r--p 00000000 00:25 13892                      /usr/lib/locale/C.utf8/LC_COLLATE
7eff5024d000-7eff5024e000 r--p 00000000 00:25 13897                      /usr/lib/locale/C.utf8/LC_MONETARY
7eff5024e000-7eff5024f000 r--p 00000000 00:25 13896                      /usr/lib/locale/C.utf8/LC_MESSAGES/SYS_LC_MESSAGES
7eff5024f000-7eff50250000 r--p 00000000 00:25 13900                      /usr/lib/locale/C.utf8/LC_PAPER
7eff50250000-7eff50251000 r--p 00000000 00:25 13898                      /usr/lib/locale/C.utf8/LC_NAME
7eff50251000-7eff50258000 r--s 00000000 00:25 17585                      /usr/lib/x86_64-linux-gnu/gconv/gconv-modules.cache
7eff50258000-7eff50259000 ---p 00000000 00:00 0 
7eff50259000-7eff50359000 rw-p 00000000 00:00 0 
7eff50359000-7eff5035a000 ---p 00000000 00:00 0 
7eff5035a000-7eff5065c000 rw-p 00000000 00:00 0 
7eff5065c000-7eff5065d000 ---p 00000000 00:00 0 
7eff5065d000-7eff5075d000 rw-p 00000000 00:00 0 
7eff5075d000-7eff5075e000 ---p 00000000 00:00 0 
7eff5075e000-7eff5085e000 rw-p 00000000 00:00 0 
7eff5085e000-7eff5085f000 ---p 00000000 00:00 0 
7eff5085f000-7eff50a5e000 rw-p 00000000 00:00 0 
7eff50a5e000-7eff50af8000 ---p 00000000 00:00 0 
7eff50af8000-7eff50bde000 rw-p 00000000 00:00 0 
7eff50bde000-7eff50c78000 ---p 00000000 00:00 0 
7eff50c78000-7eff50d5e000 rw-p 00000000 00:00 0 
7eff50d5e000-7eff50df8000 ---p 00000000 00:00 0 
7eff50df8000-7eff51008000 rw-p 00000000 00:00 0 
7eff51008000-7eff510e6000 ---p 00000000 00:00 0 
7eff510e6000-7eff5111c000 rw-p 00000000 00:00 0 
7eff5111c000-7eff511d1000 ---p 00000000 00:00 0 
7eff511d1000-7eff511d7000 rw-p 00000000 00:00 0 
7eff511d7000-7eff511dd000 ---p 00000000 00:00 0 
7eff511dd000-7eff511e5000 rw-s 00000000 fe:00 540201                     /tmp/hsperfdata_root/3518
7eff511e5000-7eff511f1000 r--p 00000000 00:25 13820                      /usr/lib/jvm/java-17-openjdk-amd64/lib/libjava.so
7eff511f1000-7eff51202000 r-xp 0000c000 00:25 13820                      /usr/lib/jvm/java-17-openjdk-amd64/lib/libjava.so
7eff51202000-7eff51208000 r--p 0001d000 00:25 13820                      /usr/lib/jvm/java-17-openjdk-amd64/lib/libjava.so
7eff51208000-7eff51209000 r--p 00022000 00:25 13820                      /usr/lib/jvm/java-17-openjdk-amd64/lib/libjava.so
7eff51209000-7eff5120a000 rw-p 00023000 00:25 13820                      /usr/lib/jvm/java-17-openjdk-amd64/lib/libjava.so
7eff5120a000-7eff5120b000 rw-p 00000000 00:00 0 
7eff5120b000-7eff5120c000 r--p 00000000 00:25 13815                      /usr/lib/jvm/java-17-openjdk-amd64/lib/libinstrument.so
7eff5120c000-7eff51212000 r-xp 00001000 00:25 13815                      /usr/lib/jvm/java-17-openjdk-amd64/lib/libinstrument.so
7eff51212000-7eff51215000 r--p 00007000 00:25 13815                      /usr/lib/jvm/java-17-openjdk-amd64/lib/libinstrument.so
7eff51215000-7eff51216000 r--p 00009000 00:25 13815                      /usr/lib/jvm/java-17-openjdk-amd64/lib/libinstrument.so
7eff51216000-7eff51217000 rw-p 0000a000 00:25 13815                      /usr/lib/jvm/java-17-openjdk-amd64/lib/libinstrument.so
7eff51217000-7eff51219000 r--p 00000000 00:25 13824                      /usr/lib/jvm/java-17-openjdk-amd64/lib/libjimage.so
7eff51219000-7eff5121c000 r-xp 00002000 00:25 13824                      /usr/lib/jvm/java-17-openjdk-amd64/lib/libjimage.so
7eff5121c000-7eff5121d000 r--p 00005000 00:25 13824                      /usr/lib/jvm/java-17-openjdk-amd64/lib/libjimage.so
7eff5121d000-7eff5121e000 r--p 00006000 00:25 13824                      /usr/lib/jvm/java-17-openjdk-amd64/lib/libjimage.so
7eff5121e000-7eff5121f000 rw-p 00007000 00:25 13824                      /usr/lib/jvm/java-17-openjdk-amd64/lib/libjimage.so
7eff5121f000-7eff51223000 ---p 00000000 00:00 0 
7eff51223000-7eff5131f000 rw-p 00000000 00:00 0 
7eff5131f000-7eff51322000 r--p 00000000 00:25 17971                      /usr/lib/x86_64-linux-gnu/libgcc_s.so.1
7eff51322000-7eff51339000 r-xp 00003000 00:25 17971                      /usr/lib/x86_64-linux-gnu/libgcc_s.so.1
7eff51339000-7eff5133d000 r--p 0001a000 00:25 17971                      /usr/lib/x86_64-linux-gnu/libgcc_s.so.1
7eff5133d000-7eff5133e000 r--p 0001d000 00:25 17971                      /usr/lib/x86_64-linux-gnu/libgcc_s.so.1
7eff5133e000-7eff5133f000 rw-p 0001e000 00:25 17971                      /usr/lib/x86_64-linux-gnu/libgcc_s.so.1
7eff5133f000-7eff5134f000 r--p 00000000 00:25 18072                      /usr/lib/x86_64-linux-gnu/libm.so.6
7eff5134f000-7eff513c3000 r-xp 00010000 00:25 18072                      /usr/lib/x86_64-linux-gnu/libm.so.6
7eff513c3000-7eff5141d000 r--p 00084000 00:25 18072                      /usr/lib/x86_64-linux-gnu/libm.so.6
7eff5141d000-7eff5141e000 r--p 000dd000 00:25 18072                      /usr/lib/x86_64-linux-gnu/libm.so.6
7eff5141e000-7eff5141f000 rw-p 000de000 00:25 18072                      /usr/lib/x86_64-linux-gnu/libm.so.6
7eff5141f000-7eff514b8000 r--p 00000000 00:25 18239                      /usr/lib/x86_64-linux-gnu/libstdc++.so.6.0.30
7eff514b8000-7eff515b9000 r-xp 00099000 00:25 18239                      /usr/lib/x86_64-linux-gnu/libstdc++.so.6.0.30
7eff515b9000-7eff51628000 r--p 0019a000 00:25 18239                      /usr/lib/x86_64-linux-gnu/libstdc++.so.6.0.30
7eff51628000-7eff51633000 r--p 00209000 00:25 18239                      /usr/lib/x86_64-linux-gnu/libstdc++.so.6.0.30
7eff51633000-7eff51636000 rw-p 00214000 00:25 18239                      /usr/lib/x86_64-linux-gnu/libstdc++.so.6.0.30
7eff51636000-7eff51639000 rw-p 00000000 00:00 0 
7eff51639000-7eff5188a000 r--p 00000000 00:25 13856                      /usr/lib/jvm/java-17-openjdk-amd64/lib/server/libjvm.so
7eff5188a000-7eff525dc000 r-xp 00251000 00:25 13856                      /usr/lib/jvm/java-17-openjdk-amd64/lib/server/libjvm.so
7eff525dc000-7eff5285e000 r--p 00fa3000 00:25 13856                      /usr/lib/jvm/java-17-openjdk-amd64/lib/server/libjvm.so
7eff5285e000-7eff52916000 r--p 01225000 00:25 13856                      /usr/lib/jvm/java-17-openjdk-amd64/lib/server/libjvm.so
7eff52916000-7eff5294b000 rw-p 012dd000 00:25 13856                      /usr/lib/jvm/java-17-openjdk-amd64/lib/server/libjvm.so
7eff5294b000-7eff529a7000 rw-p 00000000 00:00 0 
7eff529a7000-7eff529cd000 r--p 00000000 00:25 17860                      /usr/lib/x86_64-linux-gnu/libc.so.6
7eff529cd000-7eff52b23000 r-xp 00026000 00:25 17860                      /usr/lib/x86_64-linux-gnu/libc.so.6
7eff52b23000-7eff52b76000 r--p 0017c000 00:25 17860                      /usr/lib/x86_64-linux-gnu/libc.so.6
7eff52b76000-7eff52b7a000 r--p 001cf000 00:25 17860                      /usr/lib/x86_64-linux-gnu/libc.so.6
7eff52b7a000-7eff52b7c000 rw-p 001d3000 00:25 17860                      /usr/lib/x86_64-linux-gnu/libc.so.6
7eff52b7c000-7eff52b89000 rw-p 00000000 00:00 0 
7eff52b89000-7eff52b8b000 r--p 00000000 00:25 13825                      /usr/lib/jvm/java-17-openjdk-amd64/lib/libjli.so
7eff52b8b000-7eff52b94000 r-xp 00002000 00:25 13825                      /usr/lib/jvm/java-17-openjdk-amd64/lib/libjli.so
7eff52b94000-7eff52b97000 r--p 0000b000 00:25 13825                      /usr/lib/jvm/java-17-openjdk-amd64/lib/libjli.so
7eff52b97000-7eff52b98000 r--p 0000d000 00:25 13825                      /usr/lib/jvm/java-17-openjdk-amd64/lib/libjli.so
7eff52b98000-7eff52b99000 rw-p 0000e000 00:25 13825                      /usr/lib/jvm/java-17-openjdk-amd64/lib/libjli.so
7eff52b99000-7eff52b9c000 r--p 00000000 00:25 1006                       /usr/lib/x86_64-linux-gnu/libz.so.1.2.13
7eff52b9c000-7eff52baf000 r-xp 00003000 00:25 1006                       /usr/lib/x86_64-linux-gnu/libz.so.1.2.13
7eff52baf000-7eff52bb6000 r--p 00016000 00:25 1006                       /usr/lib/x86_64-linux-gnu/libz.so.1.2.13
7eff52bb6000-7eff52bb7000 r--p 0001c000 00:25 1006                       /usr/lib/x86_64-linux-gnu/libz.so.1.2.13
7eff52bb7000-7eff52bb8000 rw-p 0001d000 00:25 1006                       /usr/lib/x86_64-linux-gnu/libz.so.1.2.13
7eff52bb8000-7eff52bb9000 r--p 00000000 00:25 13891                      /usr/lib/locale/C.utf8/LC_ADDRESS
7eff52bb9000-7eff52bba000 r--p 00000000 00:25 13901                      /usr/lib/locale/C.utf8/LC_TELEPHONE
7eff52bba000-7eff52bbb000 r--p 00000000 00:25 13895                      /usr/lib/locale/C.utf8/LC_MEASUREMENT
7eff52bbb000-7eff52bbc000 r--p 00000000 00:25 13894                      /usr/lib/locale/C.utf8/LC_IDENTIFICATION
7eff52bbc000-7eff52bbd000 ---p 00000000 00:00 0 
7eff52bbd000-7eff52bbe000 r--p 00000000 00:00 0 
7eff52bbe000-7eff52bbf000 ---p 00000000 00:00 0 
7eff52bbf000-7eff52bc1000 rw-p 00000000 00:00 0 
7eff52bc1000-7eff52bc2000 r--p 00000000 00:25 17646                      /usr/lib/x86_64-linux-gnu/ld-linux-x86-64.so.2
7eff52bc2000-7eff52be8000 r-xp 00001000 00:25 17646                      /usr/lib/x86_64-linux-gnu/ld-linux-x86-64.so.2
7eff52be8000-7eff52bf2000 r--p 00027000 00:25 17646                      /usr/lib/x86_64-linux-gnu/ld-linux-x86-64.so.2
7eff52bf2000-7eff52bf4000 r--p 00031000 00:25 17646                      /usr/lib/x86_64-linux-gnu/ld-linux-x86-64.so.2
7eff52bf4000-7eff52bf6000 rw-p 00033000 00:25 17646                      /usr/lib/x86_64-linux-gnu/ld-linux-x86-64.so.2
7ffd6676a000-7ffd6678b000 rw-p 00000000 00:00 0                          [stack]
7ffd667e5000-7ffd667e8000 r--p 00000000 00:00 0                          [vvar]
7ffd667e8000-7ffd667ea000 r-xp 00000000 00:00 0                          [vdso]
ffffffffff600000-ffffffffff601000 r-xp 00000000 00:00 0                  [vsyscall]


VM Arguments:
jvm_args: -XX:MaxMetaspaceSize=512m --add-opens=java.base/java.util=ALL-UNNAMED --add-opens=java.base/java.lang=ALL-UNNAMED --add-opens=java.base/java.lang.invoke=ALL-UNNAMED --add-opens=java.prefs/java.util.prefs=ALL-UNNAMED --add-opens=java.base/java.nio.charset=ALL-UNNAMED --add-opens=java.base/java.net=ALL-UNNAMED --add-opens=java.base/java.util.concurrent.atomic=ALL-UNNAMED -Xmx1024m -Dfile.encoding=UTF-8 -Duser.country -Duser.language=en -Duser.variant -javaagent:/root/.gradle/wrapper/dists/gradle-8.2-bin/bbg7u40eoinfdyxsxr3z4i7ta/gradle-8.2/lib/agents/gradle-instrumentation-agent-8.2.jar -Xmx768m 
java_command: org.gradle.launcher.daemon.bootstrap.GradleDaemon 8.2
java_class_path (initial): /root/.gradle/wrapper/dists/gradle-8.2-bin/bbg7u40eoinfdyxsxr3z4i7ta/gradle-8.2/lib/gradle-launcher-8.2.jar
Launcher Type: SUN_STANDARD

[Global flags]
     intx CICompilerCount                          = 2                                         {product} {ergonomic}
   size_t CompressedClassSpaceSize                 = 436207616                                 {product} {ergonomic}
     uint ConcGCThreads                            = 1                                         {product} {ergonomic}
     uint G1ConcRefinementThreads                  = 2                                         {product} {ergonomic}
   size_t G1HeapRegionSize                         = 1048576                                   {product} {ergonomic}
    uintx GCDrainStackTargetSize                   = 64                                        {product} {ergonomic}
   size_t InitialHeapSize                          = 33554432                                  {product} {ergonomic}
   size_t MarkStackSize                            = 4194304                                   {product} {ergonomic}
   size_t MaxHeapSize                              = 805306368                                 {product} {command line}
   size_t MaxMetaspaceSize                         = 536870912                                 {product} {command line}
   size_t MaxNewSize                               = 482344960                                 {product} {ergonomic}
   size_t MinHeapDeltaBytes                        = 1048576                                   {product} {ergonomic}
   size_t MinHeapSize                              = 8388608                                   {product} {ergonomic}
    uintx NonNMethodCodeHeapSize                   = 5826188                                {pd product} {ergonomic}
    uintx NonProfiledCodeHeapSize                  = 122916026                              {pd product} {ergonomic}
    uintx ProfiledCodeHeapSize                     = 122916026                              {pd product} {ergonomic}
    uintx ReservedCodeCacheSize                    = 251658240                              {pd product} {ergonomic}
     bool SegmentedCodeCache                       = true                                      {product} {ergonomic}
   size_t SoftMaxHeapSize                          = 805306368                              {manageable} {ergonomic}
     bool UseCompressedClassPointers               = true                           {product lp64_product} {ergonomic}
     bool UseCompressedOops                        = true                           {product lp64_product} {ergonomic}
     bool UseG1GC                                  = true                                      {product} {ergonomic}

Logging:
Log output configuration:
 #0: stdout all=warning uptime,level,tags
 #1: stderr all=off uptime,level,tags

Environment Variables:
_JAVA_OPTIONS=-Xmx768m
PATH=/usr/local/sbin:/usr/local/bin:/usr/sbin:/usr/bin:/sbin:/bin:/opt/android-sdk/cmdline-tools/latest/bin:/opt/android-sdk/platform-tools:/opt/android-sdk/cmdline-tools/latest/bin:/opt/android-sdk/platform-tools:/opt/android-sdk/cmdline-tools/latest/bin:/opt/android-sdk/platform-tools:/opt/android-sdk/cmdline-tools/latest/bin:/opt/android-sdk/platform-tools:/opt/android-sdk/cmdline-tools/latest/bin:/opt/android-sdk/platform-tools:/opt/android-sdk/build-tools/34.0.0:/opt/android-sdk/cmdline-tools/latest/bin:/opt/android-sdk/platform-tools:/opt/android-sdk/build-tools/34.0.0:/opt/android-sdk/cmdline-tools/latest/bin:/opt/android-sdk/platform-tools:/opt/android-sdk/build-tools/34.0.0:/opt/android-sdk/cmdline-tools/latest/bin:/opt/android-sdk/platform-tools:/opt/android-sdk/build-tools/34.0.0:/opt/android-sdk/cmdline-tools/latest/bin:/opt/android-sdk/platform-tools:/opt/android-sdk/build-tools/34.0.0:/opt/android-sdk/cmdline-tools/latest/bin:/opt/android-sdk/platform-tools:/opt/android-sdk/build-tools/34.0.0:/opt/android-sdk/cmdline-tools/latest/bin:/opt/android-sdk/platform-tools:/opt/android-sdk/build-tools/34.0.0:/opt/android-sdk/cmdline-tools/latest/bin:/opt/android-sdk/platform-tools:/opt/android-sdk/build-tools/34.0.0:/opt/android-sdk/cmdline-tools/latest/bin:/opt/android-sdk/platform-tools:/opt/android-sdk/build-tools/34.0.0:/opt/android-sdk/cmdline-tools/latest/bin:/opt/android-sdk/platform-tools:/opt/android-sdk/build-tools/34.0.0
SHELL=/bin/bash
LANG=C.UTF-8
LC_ALL=C.UTF-8
TERM=tmux-256color

Active Locale:
LC_ALL=C.UTF-8
LC_COLLATE=C.UTF-8
LC_CTYPE=C.UTF-8
LC_MESSAGES=C.UTF-8
LC_MONETARY=C.UTF-8
LC_NUMERIC=C.UTF-8
LC_TIME=C.UTF-8

Signal Handlers:
   SIGSEGV: crash_handler in libjvm.so, mask=11100100010111111101111111111110, flags=SA_RESTART|SA_SIGINFO, unblocked
    SIGBUS: crash_handler in libjvm.so, mask=11100100010111111101111111111110, flags=SA_RESTART|SA_SIGINFO, unblocked
    SIGFPE: crash_handler in libjvm.so, mask=11100100010111111101111111111110, flags=SA_RESTART|SA_SIGINFO, unblocked
   SIGPIPE: javaSignalHandler in libjvm.so, mask=11100100010111111101111111111110, flags=SA_RESTART|SA_SIGINFO, unblocked
   SIGXFSZ: javaSignalHandler in libjvm.so, mask=11100100010111111101111111111110, flags=SA_RESTART|SA_SIGINFO, unblocked
    SIGILL: crash_handler in libjvm.so, mask=11100100010111111101111111111110, flags=SA_RESTART|SA_SIGINFO, unblocked
   SIGUSR2: SR_handler in libjvm.so, mask=00100000000000000000000000000000, flags=SA_RESTART|SA_SIGINFO, unblocked
    SIGHUP: UserHandler in libjvm.so, mask=11100100010111111101111111111110, flags=SA_RESTART|SA_SIGINFO, unblocked
    SIGINT: UserHandler in libjvm.so, mask=11100100010111111101111111111110, flags=SA_RESTART|SA_SIGINFO, unblocked
   SIGTERM: UserHandler in libjvm.so, mask=11100100010111111101111111111110, flags=SA_RESTART|SA_SIGINFO, unblocked
   SIGQUIT: UserHandler in libjvm.so, mask=11100100010111111101111111111110, flags=SA_RESTART|SA_SIGINFO, unblocked
   SIGTRAP: crash_handler in libjvm.so, mask=11100100010111111101111111111110, flags=SA_RESTART|SA_SIGINFO, unblocked


Periodic native trim disabled


---------------  S Y S T E M  ---------------

OS:
PRETTY_NAME="Debian GNU/Linux 12 (bookworm)"
NAME="Debian GNU/Linux"
VERSION_ID="12"
VERSION="12 (bookworm)"
VERSION_CODENAME=bookworm
ID=debian
HOME_URL="https://www.debian.org/"
SUPPORT_URL="https://www.debian.org/support"
BUG_REPORT_URL="https://bugs.debian.org/"
uname: Linux 4.19.91-c8dfc93.al7.x86_64 #1 SMP Tue Sep 26 10:25:51 UTC 2023 x86_64
OS uptime: 0 days 0:15 hours
libc: glibc 2.36 NPTL 2.36 
rlimit (soft/hard): STACK 8192k/infinity , CORE 0k/0k , NPROC 100000/100000 , NOFILE 100000/100000 , AS infinity/infinity , CPU infinity/infinity , DATA infinity/infinity , FSIZE infinity/infinity , MEMLOCK 64k/64k
load average: 1.03 2.10 1.46

/proc/meminfo:
MemTotal:        2152516 kB
MemFree:           30484 kB
MemAvailable:      37388 kB
Buffers:            3476 kB
Cached:            52532 kB
SwapCached:            0 kB
Active:          2000932 kB
Inactive:          32576 kB
Active(anon):    1977556 kB
Inactive(anon):       16 kB
Active(file):      23376 kB
Inactive(file):    32560 kB
Unevictable:           0 kB
Mlocked:               0 kB
SwapTotal:             0 kB
SwapFree:              0 kB
Dirty:               344 kB
Writeback:             0 kB
AnonPages:       1977540 kB
Mapped:            23172 kB
Shmem:                32 kB
Slab:              38688 kB
SReclaimable:      25112 kB
SUnreclaim:        13576 kB
KernelStack:        3392 kB
PageTables:         5588 kB
NFS_Unstable:          0 kB
Bounce:                0 kB
WritebackTmp:          0 kB
CommitLimit:     1076256 kB
Committed_AS:    2295932 kB
VmallocTotal:   34359738367 kB
VmallocUsed:           0 kB
VmallocChunk:          0 kB
Percpu:              384 kB
AnonHugePages:    305152 kB
ShmemHugePages:        0 kB
ShmemPmdMapped:        0 kB
HugePages_Total:       0
HugePages_Free:        0
HugePages_Rsvd:        0
HugePages_Surp:        0
Hugepagesize:       2048 kB
Hugetlb:               0 kB
DirectMap4k:        8192 kB
DirectMap2M:     2523136 kB
DirectMap1G:           0 kB

/sys/kernel/mm/transparent_hugepage/enabled: [always] madvise never
/sys/kernel/mm/transparent_hugepage/hpage_pmd_size: 2097152
/sys/kernel/mm/transparent_hugepage/defrag (defrag/compaction efforts parameter): always defer defer+madvise madvise [never]

Process Memory:
Virtual Size: 2791152K (peak: 2890480K)
Resident Set Size: 801940K (peak: 804460K) (anon: 784976K, file: 16964K, shmem: 0K)
Swapped out: 0K
C-Heap outstanding allocations: 91201K, retained: 71626K
glibc malloc tunables: (default)

/proc/sys/kernel/threads-max (system-wide limit on the number of threads): 1129
/proc/sys/vm/max_map_count (maximum number of memory map areas a process may have): 65530
/proc/sys/vm/swappiness (control to define how aggressively the kernel swaps out anonymous memory): 60
/proc/sys/kernel/pid_max (system-wide limit on number of process identifiers): 32768

container (cgroup) information:
container_type: cgroupv1
cpu_cpuset_cpus: 0-1
cpu_memory_nodes: 0
active_processor_count: 2
cpu_quota: no quota
cpu_period: 100000
cpu_shares: 12288
memory_limit_in_bytes: 2097152 k
memory_and_swap_limit_in_bytes: unlimited
memory_soft_limit_in_bytes: unlimited
memory_usage_in_bytes: 2060968 k
memory_max_usage_in_bytes: 2063816 k
rss_usage_in_bytes: 1970452 k
cache_usage_in_bytes: 55672 k
kernel_memory_limit_in_bytes: unlimited
kernel_memory_usage_in_bytes: 34384 k
kernel_memory_max_usage_in_bytes: 128848 k
maximum number of tasks: unlimited
current number of tasks: 138

KVM virtualization detected
Steal ticks since vm start: 4283
Steal ticks percentage since vm start:  0.438

CPU: total 2 (initial active 2) (2 cores per cpu, 1 threads per core) family 6 model 85 stepping 7 microcode 0x1, cx8, cmov, fxsr, mmx, 3dnowpref, sse, sse2, sse3, ssse3, sse4.1, sse4.2, popcnt, lzcnt, tsc, tscinvbit, avx, avx2, aes, erms, clmul, bmi1, bmi2, adx, avx512f, avx512dq, avx512cd, avx512bw, avx512vl, fma, vzeroupper, avx512_vnni, clflush, clflushopt, clwb, hv
CPU Model and flags from /proc/cpuinfo:
model name	: Intel(R) Xeon(R) Processor @ 2.50GHz
flags		: fpu vme de pse tsc msr pae mce cx8 apic sep mtrr pge mca cmov pat pse36 clflush mmx fxsr sse sse2 ss ht syscall nx pdpe1gb rdtscp lm constant_tsc rep_good nopl xtopology nonstop_tsc cpuid tsc_known_freq pni pclmulqdq ssse3 fma cx16 pcid sse4_1 sse4_2 x2apic movbe popcnt tsc_deadline_timer aes xsave avx f16c rdrand hypervisor lahf_lm abm 3dnowprefetch cpuid_fault invpcid_single ssbd ibrs ibpb stibp ibrs_enhanced fsgsbase tsc_adjust bmi1 avx2 smep bmi2 erms invpcid mpx avx512f avx512dq rdseed adx smap clflushopt clwb avx512cd avx512bw avx512vl xsaveopt xsavec xgetbv1 xsaves umip avx512_vnni md_clear arch_capabilities

Online cpus: 0-1
Offline cpus: 
BIOS frequency limitation: <Not Available>
Frequency switch latency (ns): <Not Available>
Available cpu frequencies: <Not Available>
Current governor: <Not Available>
Core performance/turbo boost: <Not Available>

Memory: 4k page, physical 2097152k(36056k free), swap 0k(0k free)
Page Sizes: 4k

vm_info: OpenJDK 64-Bit Server VM (17.0.20+8-1-deb12u1-Debian) for linux-amd64 JRE (17.0.20+8-1-deb12u1-Debian), built on Jul 28 2026 07:08:51 by "buildd" with gcc 12.2.0

END.
